,id,terrestrial_date,sol,ls,month,min_temp,pressure
0,2,2012-08-16,10,2,6,-75.0,739.0
1,13,2012-08-17,11,13,6,-76.0,740.0
2,24,2012-08-18,12,24,6,-76.0,741.0
3,35,2012-08-19,13,35,6,-74.0,732.0
4,46,2012-08-20,14,46,6,-74.0,740.0
5,57,2012-08-21,15,57,6,-78.0,740.0
6,68,2012-08-22,16,68,6,-77.0,740.0
7,79,2012-08-23,17,79,6,-76.0,742.0
8,112,2012-08-27,21,112,6,-74.0,741.0
9,114,2012-08-28,22,114,6,-74.0,742.0
10,123,2012-08-29,23,123,6,-75.0,741.0
11,134,2012-08-30,24,134,6,-75.0,742.0
12,145,2012-08-31,25,145,6,-75.0,743.0
13,156,2012-09-01,26,156,6,-76.0,745.0
14,163,2012-09-02,27,163,6,-75.0,743.0
15,170,2012-09-03,28,170,6,-75.0,745.0
16,171,2012-09-04,29,171,6,-75.0,747.0
17,172,2012-09-05,30,172,6,-74.0,747.0
18,173,2012-09-06,31,173,6,-74.0,745.0
19,175,2012-09-08,33,175,6,-73.0,748.0
20,176,2012-09-10,34,176,6,-73.0,748.0
21,177,2012-09-11,35,177,6,-73.0,749.0
22,178,2012-09-12,36,178,6,-73.0,750.0
23,179,2012-09-13,37,179,6,-73.0,750.0
24,180,2012-09-14,38,180,6,-73.0,750.0
25,181,2012-09-15,39,181,6,-75.0,751.0
26,182,2012-09-16,40,182,6,-75.0,753.0
27,183,2012-09-17,41,183,6,-75.0,753.0
28,184,2012-09-18,42,184,6,-75.0,754.0
29,185,2012-09-19,43,185,6,-74.0,756.0
30,186,2012-09-20,44,186,6,-75.0,757.0
31,187,2012-09-21,45,187,6,-74.0,758.0
32,188,2012-09-22,46,188,6,-74.0,758.0
33,189,2012-09-23,47,189,6,-75.0,758.0
34,190,2012-09-24,48,190,6,-75.0,759.0
35,191,2012-09-25,49,191,6,-74.0,761.0
36,192,2012-09-26,50,192,6,-72.0,761.0
37,193,2012-09-27,51,193,6,-76.0,762.0
38,194,2012-09-28,52,194,6,-74.0,762.0
39,195,2012-09-29,53,195,6,-71.0,764.0
40,196,2012-09-30,54,196,7,-72.0,766.0
41,197,2012-10-01,55,197,7,-74.0,766.0
42,198,2012-10-02,56,198,7,-73.0,768.0
43,199,2012-10-03,57,199,7,-73.0,769.0
44,200,2012-10-04,58,200,7,-74.0,769.0
45,201,2012-10-05,59,201,7,-76.0,771.0
46,202,2012-10-06,60,202,7,-75.0,772.0
47,203,2012-10-07,61,203,7,-72.0,772.0
48,204,2012-10-08,62,204,7,-72.0,774.0
49,205,2012-10-09,63,205,7,-73.0,775.0
50,206,2012-10-10,64,206,7,-74.0,776.0
51,207,2012-10-11,65,207,7,-72.0,777.0
52,208,2012-10-12,66,208,7,-73.0,778.0
53,209,2012-10-13,67,209,7,-73.0,780.0
54,210,2012-10-14,68,210,7,-71.0,781.0
55,211,2012-10-15,69,211,7,-73.0,778.0
56,212,2012-10-17,70,212,7,-72.0,783.0
57,213,2012-10-18,71,213,7,-71.0,784.0
58,214,2012-10-19,72,214,7,-73.0,785.0
59,215,2012-10-20,73,215,7,-70.0,788.0
60,216,2012-10-21,74,216,7,-72.0,790.0
61,217,2012-10-22,75,217,7,-73.0,791.0
62,218,2012-10-23,76,218,7,-73.0,792.0
63,219,2012-10-24,77,219,7,-71.0,792.0
64,220,2012-10-25,78,220,7,-71.0,793.0
65,221,2012-10-26,79,221,7,-73.0,795.0
66,222,2012-10-27,80,222,7,-70.0,796.0
67,223,2012-10-28,81,223,7,-72.0,798.0
68,224,2012-10-29,82,224,7,-72.0,799.0
69,225,2012-10-30,83,225,7,-72.0,801.0
70,226,2012-10-31,84,226,7,-70.0,801.0
71,227,2012-11-01,85,227,7,-71.0,805.0
72,228,2012-11-02,86,228,7,-71.0,808.0
73,229,2012-11-03,87,229,7,-70.0,808.0
74,230,2012-11-04,88,230,7,-70.0,811.0
75,231,2012-11-05,89,231,7,-73.0,813.0
76,233,2012-11-06,90,233,7,-71.0,813.0
77,234,2012-11-07,91,234,7,-74.0,817.0
78,235,2012-11-08,92,235,7,-74.0,820.0
79,236,2012-11-09,93,236,7,-72.0,819.0
80,237,2012-11-10,94,237,7,-70.0,822.0
81,238,2012-11-11,95,238,7,-68.0,822.0
82,239,2012-11-12,96,239,7,-71.0,826.0
83,240,2012-11-13,97,240,7,-68.0,828.0
84,241,2012-11-14,98,241,7,-68.0,828.0
85,242,2012-11-15,99,242,7,-68.0,829.0
86,3,2012-11-16,100,3,7,-66.0,829.0
87,4,2012-11-17,101,4,7,-65.0,830.0
88,5,2012-11-18,102,5,7,-67.0,833.0
89,6,2012-11-19,103,6,7,-66.0,836.0
90,7,2012-11-20,104,7,8,-67.0,838.0
91,8,2012-11-21,105,8,8,-66.0,839.0
92,9,2012-11-23,106,9,8,-66.0,841.0
93,10,2012-11-24,107,10,8,-66.0,844.0
94,11,2012-11-25,108,11,8,-65.0,845.0
95,12,2012-11-26,109,12,8,-64.0,844.0
96,14,2012-11-27,110,14,8,-65.0,848.0
97,15,2012-11-28,111,15,8,-66.0,849.0
98,16,2012-11-29,112,16,8,-65.0,852.0
99,17,2012-11-30,113,17,8,-66.0,857.0
100,18,2012-12-01,114,18,8,-69.0,857.0
101,19,2012-12-02,115,19,8,-66.0,857.0
102,20,2012-12-03,116,20,8,-67.0,859.0
103,21,2012-12-04,117,21,8,-66.0,861.0
104,22,2012-12-05,118,22,8,-65.0,864.0
105,23,2012-12-06,119,23,8,-66.0,866.0
106,25,2012-12-07,120,25,8,-67.0,867.0
107,26,2012-12-08,121,26,8,-66.0,869.0
108,27,2012-12-09,122,27,8,-65.0,869.0
109,28,2012-12-10,123,28,8,-66.0,875.0
110,29,2012-12-11,124,29,8,-66.0,876.0
111,30,2012-12-12,125,30,8,-68.0,880.0
112,31,2012-12-13,126,31,8,-66.0,880.0
113,32,2012-12-14,127,32,8,-67.0,884.0
114,33,2012-12-15,128,33,8,-67.0,883.0
115,34,2012-12-16,129,34,8,-65.0,886.0
116,36,2012-12-17,130,36,8,-65.0,888.0
117,37,2012-12-18,131,37,8,-65.0,889.0
118,38,2012-12-19,132,38,8,-65.0,890.0
119,39,2012-12-20,133,39,8,-65.0,891.0
120,40,2012-12-21,134,40,8,-67.0,893.0
121,41,2012-12-22,135,41,8,-65.0,894.0
122,42,2012-12-23,136,42,8,-65.0,897.0
123,43,2012-12-24,137,43,8,-64.0,896.0
124,44,2012-12-25,138,44,8,-65.0,899.0
125,45,2012-12-26,139,45,8,-66.0,899.0
126,47,2012-12-27,140,47,8,-66.0,903.0
127,48,2012-12-28,141,48,8,-64.0,904.0
128,49,2012-12-29,142,49,8,-65.0,906.0
129,50,2012-12-31,143,50,8,-63.0,908.0
130,51,2013-01-01,144,51,8,-64.0,907.0
131,52,2013-01-02,145,52,8,-64.0,909.0
132,53,2013-01-03,146,53,8,-65.0,908.0
133,54,2013-01-04,147,54,8,-65.0,914.0
134,55,2013-01-05,148,55,8,-65.0,912.0
135,56,2013-01-06,149,56,8,-65.0,914.0
136,58,2013-01-07,150,58,8,-64.0,913.0
137,59,2013-01-08,151,59,9,-65.0,915.0
138,60,2013-01-09,152,60,9,-63.0,914.0
139,61,2013-01-10,153,61,9,-65.0,915.0
140,62,2013-01-11,154,62,9,-65.0,917.0
141,63,2013-01-12,155,63,9,-64.0,917.0
142,64,2013-01-13,156,64,9,-65.0,922.0
143,65,2013-01-14,157,65,9,-64.0,920.0
144,66,2013-01-15,158,66,9,-66.0,922.0
145,67,2013-01-16,159,67,9,-65.0,918.0
146,69,2013-01-17,160,69,9,-67.0,919.0
147,70,2013-01-18,161,70,9,-65.0,919.0
148,71,2013-01-19,162,71,9,-65.0,919.0
149,72,2013-01-20,163,72,9,-65.0,919.0
150,73,2013-01-21,164,73,9,-64.0,919.0
151,74,2013-01-22,165,74,9,-65.0,922.0
152,75,2013-01-23,166,75,9,-65.0,922.0
153,76,2013-01-24,167,76,9,-65.0,920.0
154,77,2013-01-25,168,77,9,-66.0,923.0
155,78,2013-01-26,169,78,9,-66.0,922.0
156,80,2013-01-27,170,80,9,-66.0,925.0
157,81,2013-01-28,171,81,9,-67.0,925.0
158,82,2013-01-29,172,82,9,-67.0,923.0
159,83,2013-01-30,173,83,9,-67.0,920.0
160,84,2013-01-31,174,84,9,-67.0,921.0
161,85,2013-02-01,175,85,9,-68.0,921.0
162,86,2013-02-02,176,86,9,-67.0,920.0
163,87,2013-02-03,177,87,9,-66.0,921.0
164,88,2013-02-04,178,88,9,-66.0,920.0
165,89,2013-02-06,179,89,9,-66.0,920.0
166,91,2013-02-07,180,91,9,-67.0,919.0
167,92,2013-02-08,181,92,9,-67.0,918.0
168,93,2013-02-09,182,93,9,-67.0,921.0
169,94,2013-02-10,183,94,9,-67.0,921.0
170,95,2013-02-11,184,95,9,-67.0,923.0
171,96,2013-02-12,185,96,9,-67.0,923.0
172,97,2013-02-13,186,97,9,-66.0,922.0
173,98,2013-02-14,187,98,9,-67.0,921.0
174,99,2013-02-15,188,99,9,-68.0,920.0
175,100,2013-02-16,189,100,9,-68.0,920.0
176,102,2013-02-17,190,102,9,-66.0,917.0
177,103,2013-02-18,191,103,9,-67.0,921.0
178,106,2013-02-23,196,106,9,-66.0,916.0
179,107,2013-02-24,197,107,10,-68.0,915.0
180,108,2013-02-25,198,108,10,-67.0,914.0
181,109,2013-02-26,199,109,10,-66.0,917.0
182,116,2013-03-23,223,116,10,-71.0,895.0
183,117,2013-03-24,224,117,10,-69.0,894.0
184,118,2013-03-25,225,118,10,-71.0,894.0
185,119,2013-03-26,226,119,10,-70.0,894.0
186,120,2013-03-27,227,120,10,-70.0,892.0
187,121,2013-03-28,228,121,10,-71.0,894.0
188,122,2013-03-29,229,122,10,-69.0,894.0
189,124,2013-03-30,230,124,10,-69.0,888.0
190,125,2013-03-31,231,125,10,-71.0,890.0
191,126,2013-04-01,232,126,10,-69.0,888.0
192,127,2013-04-02,233,127,10,-69.0,889.0
193,128,2013-04-03,234,128,10,-69.0,890.0
194,129,2013-04-04,235,129,10,-70.0,886.0
195,130,2013-04-05,236,130,10,-72.0,886.0
196,131,2013-04-06,237,131,10,-71.0,883.0
197,132,2013-04-07,238,132,10,-70.0,885.0
198,133,2013-04-08,239,133,10,-73.0,885.0
199,135,2013-04-09,240,135,10,-70.0,884.0
200,136,2013-04-10,241,136,10,-72.0,884.0
201,137,2013-04-11,242,137,10,-70.0,881.0
202,138,2013-04-12,243,138,10,-71.0,884.0
203,139,2013-04-13,244,139,11,-69.0,878.0
204,140,2013-04-14,245,140,11,-70.0,879.0
205,141,2013-04-15,246,141,11,-73.0,878.0
206,142,2013-04-16,247,142,11,-71.0,873.0
207,143,2013-04-17,248,143,11,-70.0,877.0
208,144,2013-04-18,249,144,11,-69.0,873.0
209,146,2013-04-19,250,146,11,-70.0,877.0
210,147,2013-04-20,251,147,11,-71.0,876.0
211,148,2013-04-22,252,148,11,-71.0,874.0
212,149,2013-04-23,253,149,11,-71.0,877.0
213,150,2013-04-24,254,150,11,-70.0,871.0
214,151,2013-04-25,255,151,11,-69.0,877.0
215,152,2013-04-26,256,152,11,-70.0,871.0
216,153,2013-04-27,257,153,11,-70.0,871.0
217,154,2013-04-28,258,154,11,-71.0,869.0
218,155,2013-04-29,259,155,11,-72.0,871.0
219,157,2013-04-30,260,157,11,-70.0,875.0
220,158,2013-05-01,261,158,11,-70.0,868.0
221,161,2013-05-08,268,161,11,-70.0,864.0
222,162,2013-05-09,269,162,11,-72.0,866.0
223,164,2013-05-10,270,164,11,-67.0,863.0
224,165,2013-05-11,271,165,11,-69.0,864.0
225,166,2013-05-12,272,166,11,-71.0,864.0
226,167,2013-05-13,273,167,11,-70.0,861.0
227,168,2013-05-14,274,168,11,-70.0,861.0
228,169,2013-05-15,275,169,11,-67.0,860.0
229,244,2013-05-16,276,244,11,-69.0,858.0
230,245,2013-05-17,277,245,11,-69.0,857.0
231,246,2013-05-18,278,246,11,-67.0,855.0
232,247,2013-05-19,279,247,11,-68.0,856.0
233,248,2013-05-20,280,248,11,-69.0,856.0
234,249,2013-05-21,281,249,11,-68.0,855.0
235,250,2013-05-22,282,250,11,-72.0,856.0
236,251,2013-05-23,283,251,11,-68.0,854.0
237,252,2013-05-24,284,252,11,-71.0,854.0
238,253,2013-05-25,285,253,11,-70.0,852.0
239,254,2013-05-26,286,254,11,-71.0,854.0
240,255,2013-05-27,287,255,11,-72.0,856.0
241,256,2013-05-29,288,256,11,-69.0,854.0
242,257,2013-05-30,289,257,11,-71.0,854.0
243,258,2013-05-31,290,258,11,-71.0,853.0
244,259,2013-06-01,291,259,11,-70.0,853.0
245,260,2013-06-02,292,260,11,-71.0,853.0
246,261,2013-06-03,293,261,11,-72.0,850.0
247,262,2013-06-04,294,262,11,-72.0,852.0
248,263,2013-06-05,295,263,12,-71.0,853.0
249,264,2013-06-06,296,264,12,-71.0,850.0
250,265,2013-06-07,297,265,12,-72.0,849.0
251,266,2013-06-08,298,266,12,-72.0,850.0
252,267,2013-06-09,299,267,12,-71.0,849.0
253,286,2013-06-10,300,286,12,-72.0,852.0
254,276,2013-06-11,301,276,12,-73.0,852.0
255,287,2013-06-12,302,287,12,-71.0,850.0
256,283,2013-06-13,303,283,12,-71.0,849.0
257,281,2013-06-14,304,281,12,-70.0,848.0
258,275,2013-06-15,305,275,12,-71.0,847.0
259,280,2013-06-16,306,280,12,-71.0,848.0
260,279,2013-06-17,307,279,12,-72.0,851.0
261,282,2013-06-18,308,282,12,-73.0,850.0
262,284,2013-06-19,309,284,12,-72.0,848.0
263,278,2013-06-20,310,278,12,-71.0,849.0
264,277,2013-06-21,311,277,12,-74.0,846.0
265,285,2013-06-22,312,285,12,-71.0,845.0
266,274,2013-06-23,313,274,12,-77.0,849.0
267,272,2013-06-24,314,272,12,-73.0,848.0
268,273,2013-06-25,315,273,12,-74.0,850.0
269,288,2013-06-26,316,288,12,-74.0,851.0
270,268,2013-06-27,317,268,12,-72.0,849.0
271,270,2013-06-28,318,270,12,-74.0,849.0
272,271,2013-06-29,319,271,12,-73.0,847.0
273,269,2013-06-30,320,269,12,-74.0,846.0
274,289,2013-07-01,321,289,12,-75.0,847.0
275,291,2013-07-02,322,291,12,-74.0,849.0
276,290,2013-07-03,323,290,12,-74.0,847.0
277,292,2013-07-04,324,292,12,-75.0,850.0
278,294,2013-07-06,325,294,12,-74.0,847.0
279,295,2013-07-07,326,295,12,-72.0,848.0
280,296,2013-07-08,327,296,12,-74.0,848.0
281,293,2013-07-09,328,293,12,-75.0,847.0
282,298,2013-07-10,329,298,12,-74.0,847.0
283,297,2013-07-11,330,297,12,-75.0,848.0
284,303,2013-07-12,331,303,12,-74.0,848.0
285,300,2013-07-13,332,300,12,-76.0,849.0
286,299,2013-07-14,333,299,12,-75.0,849.0
287,301,2013-07-15,334,301,12,-74.0,852.0
288,302,2013-07-16,335,302,12,-76.0,852.0
289,305,2013-07-17,336,305,12,-76.0,852.0
290,304,2013-07-18,337,304,12,-75.0,853.0
291,306,2013-07-19,338,306,12,-78.0,848.0
292,308,2013-07-20,339,308,12,-76.0,849.0
293,307,2013-07-21,340,307,12,-76.0,851.0
294,310,2013-07-22,341,310,12,-77.0,852.0
295,309,2013-07-23,342,309,12,-76.0,851.0
296,311,2013-07-24,343,311,12,-77.0,850.0
297,317,2013-07-25,344,317,12,-77.0,851.0
298,312,2013-07-26,345,312,12,-77.0,853.0
299,314,2013-07-27,346,314,12,-76.0,853.0
300,313,2013-07-28,347,313,12,-77.0,851.0
301,315,2013-07-29,348,315,12,-74.0,850.0
302,316,2013-07-30,349,316,12,-75.0,852.0
303,318,2013-07-31,350,318,12,-76.0,853.0
304,320,2013-08-01,351,320,1,-75.0,853.0
305,319,2013-08-02,352,319,1,-77.0,854.0
306,323,2013-08-03,353,323,1,-75.0,855.0
307,322,2013-08-04,354,322,1,-75.0,857.0
308,321,2013-08-05,355,321,1,-75.0,857.0
309,324,2013-08-06,356,324,1,-77.0,856.0
310,325,2013-08-07,357,325,1,-76.0,857.0
311,326,2013-08-17,366,326,1,-76.0,861.0
312,328,2013-08-18,367,328,1,-76.0,862.0
313,330,2013-08-19,368,330,1,-77.0,863.0
314,331,2013-08-20,369,331,1,-75.0,865.0
315,332,2013-08-21,370,332,1,-79.0,865.0
316,333,2013-08-22,371,333,1,-77.0,865.0
317,334,2013-08-23,372,334,1,-76.0,866.0
318,335,2013-08-24,373,335,1,-79.0,866.0
319,337,2013-08-25,374,337,1,-79.0,866.0
320,336,2013-08-26,375,336,1,-77.0,867.0
321,340,2013-08-27,376,340,1,-78.0,870.0
322,338,2013-08-28,377,338,1,-78.0,870.0
323,339,2013-08-29,378,339,1,-78.0,869.0
324,341,2013-08-30,379,341,1,-79.0,870.0
325,343,2013-08-31,380,343,1,-79.0,870.0
326,345,2013-09-01,381,345,1,-79.0,871.0
327,344,2013-09-02,382,344,1,-76.0,872.0
328,342,2013-09-03,383,342,1,-77.0,874.0
329,346,2013-09-04,384,346,1,-77.0,875.0
330,351,2013-09-05,385,351,1,-78.0,874.0
331,347,2013-09-06,386,347,1,-77.0,873.0
332,349,2013-09-07,387,349,1,-78.0,874.0
333,350,2013-09-08,388,350,1,-79.0,875.0
334,348,2013-09-09,389,348,1,-79.0,875.0
335,352,2013-09-10,390,352,1,-78.0,875.0
336,353,2013-09-11,391,353,1,-78.0,875.0
337,354,2013-09-12,392,354,1,-77.0,876.0
338,355,2013-09-13,393,355,1,-76.0,877.0
339,356,2013-09-14,394,356,1,-79.0,878.0
340,357,2013-09-15,395,357,1,-77.0,878.0
341,358,2013-09-16,396,358,1,-78.0,879.0
342,359,2013-09-18,397,359,1,-75.0,880.0
343,360,2013-09-19,398,360,1,-79.0,880.0
344,361,2013-09-20,399,361,1,-79.0,881.0
345,363,2013-09-21,400,363,1,-79.0,881.0
346,362,2013-09-22,401,362,1,-79.0,882.0
347,365,2013-09-23,402,365,1,-78.0,883.0
348,364,2013-09-24,403,364,1,-80.0,883.0
349,367,2013-09-25,404,367,1,-78.0,884.0
350,366,2013-09-26,405,366,1,-82.0,885.0
351,374,2013-09-27,406,374,1,-81.0,886.0
352,370,2013-09-28,407,370,1,-81.0,887.0
353,369,2013-09-29,408,369,1,-80.0,887.0
354,368,2013-09-30,409,368,1,-81.0,887.0
355,373,2013-10-01,410,373,1,-81.0,888.0
356,372,2013-10-02,411,372,1,-82.0,887.0
357,371,2013-10-03,412,371,2,-80.0,888.0
358,376,2013-10-04,413,376,2,-82.0,888.0
359,375,2013-10-05,414,375,2,-79.0,889.0
360,377,2013-10-06,415,377,2,-82.0,890.0
361,378,2013-10-07,416,378,2,-79.0,889.0
362,379,2013-10-08,417,379,2,-82.0,890.0
363,380,2013-10-09,418,380,2,-79.0,891.0
364,381,2013-10-10,419,381,2,-82.0,891.0
365,385,2013-10-11,420,385,2,-80.0,892.0
366,382,2013-10-12,421,382,2,-81.0,890.0
367,384,2013-10-13,422,384,2,-82.0,891.0
368,383,2013-10-14,423,383,2,-81.0,892.0
369,386,2013-10-15,424,386,2,-81.0,893.0
370,393,2013-10-16,425,393,2,-81.0,893.0
371,388,2013-10-17,426,388,2,-79.0,893.0
372,392,2013-10-18,427,392,2,-81.0,893.0
373,391,2013-10-19,428,391,2,-81.0,894.0
374,387,2013-10-20,429,387,2,-82.0,895.0
375,390,2013-10-21,430,390,2,-82.0,896.0
376,389,2013-10-22,431,389,2,-83.0,895.0
377,395,2013-10-23,432,395,2,-80.0,896.0
378,394,2013-10-24,433,394,2,-81.0,895.0
379,397,2013-10-26,434,397,2,-80.0,896.0
380,396,2013-10-27,435,396,2,-81.0,896.0
381,398,2013-10-28,436,398,2,-81.0,897.0
382,399,2013-10-29,437,399,2,-82.0,898.0
383,400,2013-10-30,438,400,2,-79.0,899.0
384,401,2013-10-31,439,401,2,-80.0,899.0
385,404,2013-11-01,440,404,2,-80.0,899.0
386,402,2013-11-02,441,402,2,-81.0,900.0
387,405,2013-11-03,442,405,2,-80.0,900.0
388,403,2013-11-04,443,403,2,-81.0,901.0
389,407,2013-11-16,455,407,2,-84.0,905.0
390,406,2013-11-17,456,406,2,-83.0,905.0
391,409,2013-11-24,463,409,2,-86.0,906.0
392,410,2013-11-25,464,410,2,-84.0,906.0
393,412,2013-11-26,465,412,2,-85.0,906.0
394,415,2013-11-27,466,415,2,-85.0,907.0
395,411,2013-11-28,467,411,2,-84.0,907.0
396,414,2013-11-29,468,414,2,-85.0,907.0
397,413,2013-11-30,469,413,2,-85.0,908.0
398,475,2013-12-02,470,475,2,-85.0,907.0
399,479,2013-12-03,471,479,2,-84.0,906.0
400,416,2013-12-04,472,416,2,-84.0,907.0
401,417,2013-12-05,473,417,2,-86.0,907.0
402,420,2013-12-06,474,420,2,-84.0,906.0
403,419,2013-12-07,475,419,2,-85.0,906.0
404,418,2013-12-08,476,418,2,-85.0,906.0
405,421,2013-12-09,477,421,3,-85.0,907.0
406,422,2013-12-18,486,422,3,-84.0,904.0
407,473,2013-12-19,487,473,3,-85.0,904.0
408,480,2013-12-20,488,480,3,-87.0,903.0
409,423,2013-12-21,489,423,3,-85.0,904.0
410,434,2013-12-22,490,434,3,-87.0,903.0
411,433,2013-12-23,491,433,3,-86.0,903.0
412,427,2013-12-24,492,427,3,-86.0,903.0
413,426,2013-12-25,493,426,3,-84.0,902.0
414,429,2013-12-26,494,429,3,-85.0,902.0
415,431,2013-12-27,495,431,3,-86.0,900.0
416,428,2013-12-28,496,428,3,-85.0,901.0
417,425,2013-12-29,497,425,3,-86.0,901.0
418,424,2013-12-30,498,424,3,-86.0,901.0
419,432,2013-12-31,499,432,3,-84.0,899.0
420,430,2014-01-01,500,430,3,-85.0,897.0
421,435,2014-01-02,501,435,3,-86.0,898.0
422,437,2014-01-03,502,437,3,-87.0,898.0
423,483,2014-01-04,503,483,3,-86.0,897.0
424,436,2014-01-05,504,436,3,-85.0,895.0
425,438,2014-01-06,505,438,3,-85.0,895.0
426,439,2014-01-08,506,439,3,-86.0,894.0
427,440,2014-01-09,507,440,3,-85.0,894.0
428,442,2014-01-10,508,442,3,-83.0,893.0
429,443,2014-01-11,509,443,3,-86.0,895.0
430,441,2014-01-12,510,441,3,-85.0,892.0
431,446,2014-01-13,511,446,3,-85.0,892.0
432,444,2014-01-14,512,444,3,-86.0,890.0
433,445,2014-01-15,513,445,3,-86.0,889.0
434,447,2014-01-16,514,447,3,-86.0,888.0
435,450,2014-01-17,515,450,3,-86.0,888.0
436,449,2014-01-18,516,449,3,-86.0,888.0
437,448,2014-01-19,517,448,3,-86.0,885.0
438,451,2014-01-20,518,451,3,-85.0,885.0
439,452,2014-01-21,519,452,3,-86.0,884.0
440,453,2014-01-22,520,453,3,-86.0,884.0
441,454,2014-01-23,521,454,3,-87.0,882.0
442,455,2014-01-24,522,455,3,-85.0,881.0
443,458,2014-01-25,523,458,3,-85.0,881.0
444,457,2014-01-26,524,457,3,-85.0,880.0
445,456,2014-01-27,525,456,3,-87.0,878.0
446,459,2014-01-28,526,459,3,-87.0,878.0
447,460,2014-01-29,527,460,3,-86.0,877.0
448,461,2014-01-30,528,461,3,-86.0,876.0
449,462,2014-01-31,529,462,3,-87.0,875.0
450,463,2014-02-01,530,463,3,-87.0,873.0
451,465,2014-02-02,531,465,3,-87.0,872.0
452,464,2014-02-03,532,464,3,-88.0,872.0
453,466,2014-02-04,533,466,3,-87.0,871.0
454,467,2014-02-05,534,467,3,-86.0,869.0
455,468,2014-02-06,535,468,3,-88.0,868.0
456,470,2014-02-07,536,470,3,-83.0,867.0
457,469,2014-02-08,537,469,3,-83.0,865.0
458,472,2014-02-09,538,472,3,-85.0,865.0
459,476,2014-02-10,539,476,3,-85.0,864.0
460,481,2014-02-11,540,481,3,-84.0,862.0
461,482,2014-02-12,541,482,3,-84.0,861.0
462,477,2014-02-13,542,477,3,-85.0,859.0
463,486,2014-02-15,543,486,3,-84.0,858.0
464,487,2014-02-16,544,487,4,-86.0,857.0
465,490,2014-02-17,545,490,4,-85.0,856.0
466,489,2014-02-18,546,489,4,-85.0,855.0
467,488,2014-02-19,547,488,4,-85.0,853.0
468,491,2014-02-20,548,491,4,-86.0,852.0
469,492,2014-02-21,549,492,4,-87.0,851.0
470,494,2014-02-22,550,494,4,-85.0,850.0
471,495,2014-02-23,551,495,4,-85.0,848.0
472,493,2014-02-24,552,493,4,-86.0,847.0
473,496,2014-02-25,553,496,4,-84.0,845.0
474,497,2014-02-26,554,497,4,-84.0,843.0
475,499,2014-02-27,555,499,4,-85.0,843.0
476,501,2014-02-28,556,501,4,-85.0,842.0
477,498,2014-03-01,557,498,4,-85.0,840.0
478,500,2014-03-02,558,500,4,-85.0,839.0
479,502,2014-03-03,559,502,4,-85.0,838.0
480,503,2014-03-04,560,503,4,-86.0,836.0
481,504,2014-03-05,561,504,4,-85.0,835.0
482,506,2014-03-06,562,506,4,-85.0,834.0
483,505,2014-03-07,563,505,4,-87.0,833.0
484,509,2014-03-08,564,509,4,-86.0,831.0
485,508,2014-03-09,565,508,4,-85.0,830.0
486,507,2014-03-10,566,507,4,-86.0,829.0
487,510,2014-03-11,567,510,4,-86.0,827.0
488,511,2014-03-12,568,511,4,-86.0,825.0
489,512,2014-03-13,569,512,4,-85.0,825.0
490,513,2014-03-14,570,513,4,-84.0,823.0
491,515,2014-03-15,571,515,4,-84.0,821.0
492,514,2014-03-16,572,514,4,-85.0,820.0
493,516,2014-03-17,573,516,4,-84.0,819.0
494,517,2014-03-18,574,517,4,-85.0,817.0
495,518,2014-03-19,575,518,4,-82.0,816.0
496,520,2014-03-20,576,520,4,-84.0,815.0
497,519,2014-03-21,577,519,4,-84.0,813.0
498,521,2014-03-22,578,521,4,-83.0,812.0
499,522,2014-03-24,579,522,4,-82.0,811.0
500,523,2014-03-25,580,523,4,-83.0,810.0
501,524,2014-03-26,581,524,4,-84.0,808.0
502,525,2014-03-27,582,525,4,-84.0,807.0
503,526,2014-03-28,583,526,4,-82.0,806.0
504,528,2014-03-29,584,528,4,-82.0,804.0
505,527,2014-03-30,585,527,4,-83.0,802.0
506,529,2014-03-31,586,529,4,-82.0,802.0
507,530,2014-04-01,587,530,4,-85.0,801.0
508,532,2014-04-02,588,532,4,-84.0,799.0
509,531,2014-04-03,589,531,4,-85.0,798.0
510,535,2014-04-04,590,535,4,-82.0,797.0
511,533,2014-04-05,591,533,4,-82.0,795.0
512,534,2014-04-06,592,534,4,-83.0,795.0
513,536,2014-04-07,593,536,4,-83.0,795.0
514,537,2014-04-08,594,537,4,-83.0,793.0
515,538,2014-04-09,595,538,4,-83.0,792.0
516,539,2014-04-10,596,539,4,-82.0,791.0
517,540,2014-04-11,597,540,4,-84.0,790.0
518,542,2014-04-12,598,542,4,-84.0,787.0
519,543,2014-04-13,599,543,4,-84.0,788.0
520,541,2014-04-14,600,541,4,-81.0,787.0
521,544,2014-04-15,601,544,4,-82.0,785.0
522,545,2014-04-16,602,545,4,-82.0,784.0
523,548,2014-04-17,603,548,4,-83.0,783.0
524,546,2014-04-18,604,546,4,-84.0,782.0
525,547,2014-04-19,605,547,4,-83.0,781.0
526,549,2014-04-20,606,549,4,-84.0,780.0
527,550,2014-04-21,607,550,4,-83.0,779.0
528,551,2014-04-22,608,551,4,-85.0,777.0
529,552,2014-04-23,609,552,5,-84.0,777.0
530,554,2014-04-24,610,554,5,-85.0,776.0
531,555,2014-04-25,611,555,5,-84.0,775.0
532,553,2014-04-26,612,553,5,-85.0,774.0
533,556,2014-04-27,613,556,5,-84.0,773.0
534,557,2014-04-28,614,557,5,-82.0,772.0
535,558,2014-04-29,615,558,5,-83.0,771.0
536,559,2014-05-01,616,559,5,-82.0,769.0
537,561,2014-05-02,617,561,5,-84.0,769.0
538,562,2014-05-03,618,562,5,-83.0,769.0
539,560,2014-05-04,619,560,5,-82.0,766.0
540,563,2014-05-05,620,563,5,-83.0,765.0
541,564,2014-05-06,621,564,5,-82.0,765.0
542,565,2014-05-07,622,565,5,-84.0,763.0
543,566,2014-05-08,623,566,5,-83.0,763.0
544,568,2014-05-09,624,568,5,-82.0,762.0
545,569,2014-05-10,625,569,5,-81.0,761.0
546,567,2014-05-11,626,567,5,-82.0,760.0
547,570,2014-05-12,627,570,5,-82.0,759.0
548,571,2014-05-13,628,571,5,-81.0,759.0
549,572,2014-05-14,629,572,5,-84.0,759.0
550,573,2014-05-15,630,573,5,-82.0,757.0
551,576,2014-05-16,631,576,5,-81.0,756.0
552,575,2014-05-17,632,575,5,-79.0,755.0
553,574,2014-05-18,633,574,5,-81.0,754.0
554,577,2014-05-19,634,577,5,-82.0,753.0
555,578,2014-05-20,635,578,5,-82.0,754.0
556,582,2014-05-21,636,582,5,-81.0,752.0
557,580,2014-05-22,637,580,5,-80.0,752.0
558,579,2014-05-23,638,579,5,-80.0,751.0
559,581,2014-05-24,639,581,5,-80.0,750.0
560,583,2014-05-25,640,583,5,-81.0,750.0
561,584,2014-05-26,641,584,5,-81.0,749.0
562,585,2014-05-27,642,585,5,-80.0,749.0
563,586,2014-05-28,643,586,5,-80.0,748.0
564,588,2014-05-29,644,588,5,-80.0,748.0
565,589,2014-05-30,645,589,5,-81.0,746.0
566,587,2014-05-31,646,587,5,-81.0,746.0
567,590,2014-06-01,647,590,5,-79.0,746.0
568,591,2014-06-02,648,591,5,-80.0,746.0
569,592,2014-06-03,649,592,5,-79.0,745.0
570,593,2014-06-04,650,593,5,-80.0,743.0
571,595,2014-06-05,651,595,5,-80.0,743.0
572,594,2014-06-07,652,594,5,-79.0,745.0
573,596,2014-06-08,653,596,5,-80.0,744.0
574,597,2014-06-09,654,597,5,-79.0,742.0
575,598,2014-06-10,655,598,5,-77.0,741.0
576,599,2014-06-11,656,599,5,-80.0,740.0
577,600,2014-06-12,657,600,5,-79.0,739.0
578,602,2014-06-13,658,602,5,-79.0,739.0
579,603,2014-06-14,659,603,5,-77.0,738.0
580,601,2014-06-15,660,601,5,-78.0,735.0
581,604,2014-06-16,661,604,5,-76.0,735.0
582,605,2014-06-17,662,605,5,-77.0,735.0
583,609,2014-06-18,663,609,5,-77.0,734.0
584,607,2014-06-19,664,607,5,-78.0,732.0
585,610,2014-06-20,665,610,5,-78.0,735.0
586,608,2014-06-21,666,608,5,-77.0,736.0
587,606,2014-06-22,667,606,5,-76.0,736.0
588,611,2014-06-23,668,611,6,-75.0,734.0
589,613,2014-06-24,669,613,6,-84.0,735.0
590,612,2014-06-25,670,612,6,-79.0,737.0
591,614,2014-06-26,671,614,6,-79.0,740.0
592,615,2014-06-27,672,615,6,-78.0,739.0
593,616,2014-06-28,673,616,6,-78.0,738.0
594,617,2014-06-29,674,617,6,-80.0,739.0
595,618,2014-06-30,675,618,6,-80.0,740.0
596,619,2014-07-01,676,619,6,-80.0,738.0
597,622,2014-07-02,677,622,6,-78.0,737.0
598,621,2014-07-03,678,621,6,-77.0,739.0
599,624,2014-07-04,679,624,6,-77.0,738.0
600,620,2014-07-05,680,620,6,-76.0,740.0
601,623,2014-07-06,681,623,6,-79.0,738.0
602,625,2014-07-07,682,625,6,-77.0,739.0
603,626,2014-07-08,683,626,6,-79.0,741.0
604,627,2014-07-09,684,627,6,-75.0,741.0
605,628,2014-07-10,685,628,6,-77.0,740.0
606,629,2014-07-11,686,629,6,-76.0,738.0
607,630,2014-07-12,687,630,6,-77.0,739.0
608,631,2014-07-14,688,631,6,-77.0,741.0
609,632,2014-07-15,689,632,6,-76.0,742.0
610,633,2014-07-16,690,633,6,-77.0,741.0
611,634,2014-07-17,691,634,6,-76.0,741.0
612,637,2014-07-18,692,637,6,-76.0,742.0
613,636,2014-07-19,693,636,6,-76.0,741.0
614,635,2014-07-20,694,635,6,-75.0,740.0
615,638,2014-07-21,695,638,6,-76.0,741.0
616,639,2014-07-22,696,639,6,-75.0,743.0
617,640,2014-07-23,697,640,6,-74.0,743.0
618,641,2014-07-24,698,641,6,-77.0,743.0
619,642,2014-07-25,699,642,6,-76.0,744.0
620,643,2014-07-26,700,643,6,-75.0,745.0
621,644,2014-07-27,701,644,6,-77.0,745.0
622,645,2014-07-28,702,645,6,-76.0,745.0
623,646,2014-07-29,703,646,6,-75.0,747.0
624,647,2014-07-30,704,647,6,-75.0,747.0
625,648,2014-07-31,705,648,6,-76.0,746.0
626,650,2014-08-01,706,650,6,-76.0,748.0
627,651,2014-08-02,707,651,6,-76.0,749.0
628,649,2014-08-03,708,649,6,-76.0,749.0
629,652,2014-08-04,709,652,6,-73.0,750.0
630,653,2014-08-05,710,653,6,-77.0,751.0
631,654,2014-08-06,711,654,6,-75.0,751.0
632,658,2014-08-07,712,658,6,-77.0,752.0
633,656,2014-08-08,713,656,6,-76.0,754.0
634,655,2014-08-09,714,655,6,-76.0,754.0
635,657,2014-08-10,715,657,6,-73.0,755.0
636,659,2014-08-11,716,659,6,-75.0,755.0
637,661,2014-08-12,717,661,6,-76.0,756.0
638,660,2014-08-13,718,660,6,-77.0,757.0
639,662,2014-08-14,719,662,6,-77.0,758.0
640,663,2014-08-15,720,663,6,-74.0,760.0
641,664,2014-08-16,721,664,6,-73.0,761.0
642,665,2014-08-17,722,665,6,-74.0,760.0
643,666,2014-08-18,723,666,7,-73.0,761.0
644,667,2014-08-19,724,667,7,-74.0,763.0
645,669,2014-08-21,725,669,7,-73.0,764.0
646,668,2014-08-22,726,668,7,-75.0,766.0
647,671,2014-08-23,727,671,7,-76.0,766.0
648,670,2014-08-24,728,670,7,-74.0,766.0
649,672,2014-08-25,729,672,7,-75.0,768.0
650,676,2014-08-26,730,676,7,-76.0,770.0
651,673,2014-08-27,731,673,7,-75.0,771.0
652,677,2014-08-28,732,677,7,-75.0,773.0
653,674,2014-08-29,733,674,7,-74.0,773.0
654,675,2014-08-30,734,675,7,-73.0,776.0
655,678,2014-08-31,735,678,7,-73.0,776.0
656,679,2014-09-01,736,679,7,-76.0,776.0
657,680,2014-09-02,737,680,7,-74.0,777.0
658,681,2014-09-03,738,681,7,-75.0,778.0
659,682,2014-09-04,739,682,7,-77.0,779.0
660,685,2014-09-05,740,685,7,-76.0,782.0
661,683,2014-09-06,741,683,7,-70.0,784.0
662,684,2014-09-07,742,684,7,-72.0,784.0
663,686,2014-09-08,743,686,7,-72.0,786.0
664,687,2014-09-09,744,687,7,-75.0,786.0
665,689,2014-09-10,745,689,7,-74.0,787.0
666,688,2014-09-11,746,688,7,-76.0,788.0
667,691,2014-09-12,747,691,7,-73.0,789.0
668,690,2014-09-13,748,690,7,-71.0,791.0
669,692,2014-09-14,749,692,7,-73.0,794.0
670,693,2014-09-15,750,693,7,-72.0,796.0
671,695,2014-09-16,751,695,7,-72.0,797.0
672,694,2014-09-17,752,694,7,-71.0,798.0
673,698,2014-09-18,753,698,7,-73.0,800.0
674,696,2014-09-19,754,696,7,-73.0,802.0
675,697,2014-09-20,755,697,7,-74.0,806.0
676,699,2014-09-21,756,699,7,-73.0,806.0
677,700,2014-09-22,757,700,7,-73.0,807.0
678,701,2014-09-23,758,701,7,-71.0,810.0
679,702,2014-09-24,759,702,7,-77.0,809.0
680,704,2014-09-25,760,704,7,-70.0,810.0
681,705,2014-09-27,761,705,7,-72.0,814.0
682,703,2014-09-28,762,703,7,-75.0,814.0
683,706,2014-09-29,763,706,7,-78.0,817.0
684,707,2014-09-30,764,707,7,-73.0,821.0
685,708,2014-10-01,765,708,7,-73.0,820.0
686,709,2014-10-02,766,709,7,-70.0,824.0
687,710,2014-10-03,767,710,7,-71.0,824.0
688,712,2014-10-04,768,712,7,-73.0,826.0
689,711,2014-10-05,769,711,7,-73.0,829.0
690,713,2014-10-06,770,713,7,-70.0,829.0
691,714,2014-10-07,771,714,7,-71.0,836.0
692,715,2014-10-08,772,715,8,-71.0,835.0
693,716,2014-10-09,773,716,8,-70.0,838.0
694,719,2014-10-10,774,719,8,-73.0,838.0
695,717,2014-10-11,775,717,8,-71.0,838.0
696,718,2014-10-12,776,718,8,-72.0,841.0
697,720,2014-10-13,777,720,8,-72.0,841.0
698,721,2014-10-14,778,721,8,-70.0,846.0
699,722,2014-10-15,779,722,8,-71.0,845.0
700,723,2014-10-16,780,723,8,-72.0,852.0
701,725,2014-10-17,781,725,8,-74.0,849.0
702,724,2014-10-18,782,724,8,-71.0,854.0
703,727,2014-10-19,783,727,8,-69.0,853.0
704,726,2014-10-20,784,726,8,-69.0,857.0
705,728,2014-10-21,785,728,8,-74.0,858.0
706,729,2014-10-22,786,729,8,-74.0,861.0
707,732,2014-10-23,787,732,8,-73.0,860.0
708,731,2014-10-24,788,731,8,-68.0,862.0
709,730,2014-10-25,789,730,8,-68.0,862.0
710,733,2014-10-26,790,733,8,-68.0,864.0
711,734,2014-10-27,791,734,8,-70.0,867.0
712,735,2014-10-28,792,735,8,-71.0,873.0
713,736,2014-10-29,793,736,8,-71.0,877.0
714,739,2014-10-30,794,739,8,-68.0,874.0
715,738,2014-10-31,795,738,8,-68.0,875.0
716,737,2014-11-01,796,737,8,-65.0,877.0
717,740,2014-11-03,797,740,8,-65.0,879.0
718,741,2014-11-04,798,741,8,-67.0,883.0
719,743,2014-11-05,799,743,8,-70.0,884.0
720,742,2014-11-06,800,742,8,-67.0,884.0
721,746,2014-11-07,801,746,8,-70.0,884.0
722,745,2014-11-08,802,745,8,-69.0,887.0
723,744,2014-11-09,803,744,8,-69.0,888.0
724,747,2014-11-10,804,747,8,-73.0,891.0
725,748,2014-11-11,805,748,8,-70.0,893.0
726,750,2014-11-12,806,750,8,-69.0,893.0
727,749,2014-11-13,807,749,8,-71.0,892.0
728,752,2014-11-14,808,752,8,-67.0,893.0
729,753,2014-11-15,809,753,8,-70.0,895.0
730,751,2014-11-16,810,751,8,-69.0,897.0
731,754,2014-11-17,811,754,8,-71.0,900.0
732,755,2014-11-18,812,755,8,-75.0,902.0
733,756,2014-11-19,813,756,8,-67.0,904.0
734,757,2014-11-20,814,757,8,-68.0,902.0
735,759,2014-11-21,815,759,8,-69.0,905.0
736,758,2014-11-22,816,758,8,-74.0,909.0
737,761,2014-11-23,817,761,8,-69.0,913.0
738,760,2014-11-24,818,760,8,-68.0,914.0
739,763,2014-11-25,819,763,9,-71.0,913.0
740,765,2014-11-26,820,765,9,-68.0,910.0
741,762,2014-11-27,821,762,9,-68.0,910.0
742,764,2014-11-28,822,764,9,-71.0,911.0
743,766,2014-11-29,823,766,9,-69.0,912.0
744,768,2014-11-30,824,768,9,-67.0,914.0
745,767,2014-12-01,825,767,9,-67.0,914.0
746,770,2014-12-02,826,770,9,-68.0,914.0
747,769,2014-12-03,827,769,9,-68.0,911.0
748,771,2014-12-04,828,771,9,-71.0,914.0
749,773,2014-12-05,829,773,9,-71.0,914.0
750,772,2014-12-06,830,772,9,-68.0,918.0
751,774,2014-12-07,831,774,9,-68.0,920.0
752,775,2014-12-08,832,775,9,-68.0,924.0
753,776,2014-12-09,833,776,9,-69.0,923.0
754,777,2014-12-11,834,777,9,-68.0,918.0
755,780,2014-12-12,835,780,9,-69.0,917.0
756,778,2014-12-13,836,778,9,-69.0,916.0
757,779,2014-12-14,837,779,9,-69.0,916.0
758,782,2014-12-15,838,782,9,-69.0,917.0
759,781,2014-12-16,839,781,9,-70.0,917.0
760,783,2014-12-17,840,783,9,-74.0,913.0
761,784,2014-12-18,841,784,9,-75.0,914.0
762,790,2014-12-19,842,790,9,-69.0,914.0
763,793,2014-12-20,843,793,9,-69.0,916.0
764,788,2014-12-21,844,788,9,-68.0,917.0
765,786,2014-12-22,845,786,9,-73.0,920.0
766,785,2014-12-23,846,785,9,-74.0,925.0
767,791,2014-12-24,847,791,9,-69.0,918.0
768,792,2014-12-25,848,792,9,-69.0,918.0
769,787,2014-12-26,849,787,9,-69.0,918.0
770,789,2014-12-27,850,789,9,-68.0,918.0
771,794,2014-12-28,851,794,9,-68.0,919.0
772,797,2014-12-29,852,797,9,-73.0,916.0
773,796,2014-12-30,853,796,9,-67.0,913.0
774,798,2014-12-31,854,798,9,-66.0,910.0
775,799,2015-01-01,855,799,9,-69.0,912.0
776,795,2015-01-02,856,795,9,-68.0,912.0
777,801,2015-01-03,857,801,9,-76.0,911.0
778,800,2015-01-04,858,800,9,-73.0,913.0
779,802,2015-01-05,859,802,9,-72.0,915.0
780,803,2015-01-06,860,803,9,-69.0,916.0
781,804,2015-01-07,861,804,9,-70.0,917.0
782,807,2015-01-08,862,807,9,-70.0,917.0
783,805,2015-01-09,863,805,9,-72.0,916.0
784,806,2015-01-10,864,806,9,-70.0,914.0
785,808,2015-01-11,865,808,10,-70.0,913.0
786,809,2015-01-12,866,809,10,-71.0,911.0
787,810,2015-01-13,867,810,10,-71.0,910.0
788,811,2015-01-14,868,811,10,-71.0,908.0
789,812,2015-01-15,869,812,10,-72.0,906.0
790,813,2015-01-17,870,813,10,-74.0,909.0
791,814,2015-01-18,871,814,10,-70.0,903.0
792,815,2015-01-19,872,815,10,-72.0,902.0
793,817,2015-01-28,881,817,10,-73.0,899.0
794,818,2015-01-29,882,818,10,-76.0,901.0
795,820,2015-01-30,883,820,10,-74.0,897.0
796,821,2015-01-31,884,821,10,-71.0,897.0
797,819,2015-02-01,885,819,10,-71.0,895.0
798,823,2015-02-02,886,823,10,-73.0,894.0
799,822,2015-02-03,887,822,10,-73.0,897.0
800,824,2015-02-04,888,824,10,-70.0,896.0
801,825,2015-02-05,889,825,10,-70.0,895.0
802,826,2015-02-06,890,826,10,-72.0,892.0
803,827,2015-02-07,891,827,10,-72.0,892.0
804,828,2015-02-08,892,828,10,-71.0,892.0
805,829,2015-02-09,893,829,10,-72.0,890.0
806,830,2015-02-10,894,830,10,-75.0,891.0
807,831,2015-02-11,895,831,10,-72.0,889.0
808,833,2015-02-12,896,833,10,-70.0,888.0
809,832,2015-02-13,897,832,10,-72.0,884.0
810,834,2015-02-14,898,834,10,-72.0,883.0
811,835,2015-02-15,899,835,10,-75.0,881.0
812,836,2015-02-16,900,836,10,-70.0,883.0
813,837,2015-02-17,901,837,10,-71.0,885.0
814,838,2015-02-18,902,838,10,-68.0,883.0
815,839,2015-02-19,903,839,10,-71.0,882.0
816,841,2015-02-20,904,841,10,-71.0,878.0
817,840,2015-02-21,905,840,10,-71.0,880.0
818,843,2015-02-22,906,843,10,-76.0,878.0
819,842,2015-02-24,907,842,10,-75.0,879.0
820,844,2015-02-25,908,844,10,-71.0,883.0
821,845,2015-02-26,909,845,10,-70.0,878.0
822,847,2015-02-27,910,847,10,-73.0,878.0
823,846,2015-02-28,911,846,10,-70.0,874.0
824,849,2015-03-01,912,849,10,-75.0,875.0
825,848,2015-03-02,913,848,11,-71.0,871.0
826,850,2015-03-03,914,850,11,-71.0,874.0
827,851,2015-03-04,915,851,11,-71.0,878.0
828,852,2015-03-05,916,852,11,-71.0,872.0
829,854,2015-03-06,917,854,11,-76.0,871.0
830,853,2015-03-07,918,853,11,-71.0,867.0
831,855,2015-03-08,919,855,11,-74.0,870.0
832,856,2015-03-09,920,856,11,-72.0,868.0
833,857,2015-03-10,921,857,11,-70.0,867.0
834,858,2015-03-11,922,858,11,-73.0,870.0
835,859,2015-03-12,923,859,11,-72.0,867.0
836,861,2015-03-13,924,861,11,-74.0,867.0
837,860,2015-03-14,925,860,11,-71.0,862.0
838,862,2015-03-15,926,862,11,-76.0,864.0
839,863,2015-03-16,927,863,11,-76.0,862.0
840,864,2015-03-17,928,864,11,-72.0,862.0
841,865,2015-03-18,929,865,11,-75.0,866.0
842,868,2015-03-19,930,868,11,-75.0,865.0
843,867,2015-03-20,931,867,11,-69.0,864.0
844,866,2015-03-21,932,866,11,-71.0,859.0
845,869,2015-03-22,933,869,11,-71.0,863.0
846,870,2015-03-23,934,870,11,-73.0,858.0
847,872,2015-03-24,935,872,11,-75.0,862.0
848,871,2015-03-25,936,871,11,-72.0,865.0
849,874,2015-03-26,937,874,11,-73.0,863.0
850,876,2015-03-29,940,876,11,-73.0,861.0
851,875,2015-03-30,941,875,11,-74.0,857.0
852,880,2015-03-31,942,880,11,-74.0,857.0
853,877,2015-04-02,943,877,11,-73.0,854.0
854,878,2015-04-03,944,878,11,-70.0,852.0
855,881,2015-04-04,945,881,11,-72.0,851.0
856,879,2015-04-05,946,879,11,-77.0,850.0
857,882,2015-04-06,947,882,11,-70.0,853.0
858,883,2015-04-07,948,883,11,-73.0,854.0
859,884,2015-04-08,949,884,11,-72.0,851.0
860,885,2015-04-09,950,885,11,-73.0,850.0
861,888,2015-04-10,951,888,11,-75.0,849.0
862,886,2015-04-11,952,886,11,-69.0,847.0
863,887,2015-04-12,953,887,11,-71.0,847.0
864,889,2015-04-13,954,889,11,-73.0,847.0
865,892,2015-04-17,958,892,11,-74.0,848.0
866,891,2015-04-18,959,891,11,-78.0,846.0
867,893,2015-04-19,960,893,11,-76.0,846.0
868,895,2015-04-20,961,895,11,-71.0,849.0
869,894,2015-04-21,962,894,11,-73.0,845.0
870,896,2015-04-22,963,896,11,-71.0,850.0
871,897,2015-04-23,964,897,12,-72.0,847.0
872,898,2015-04-24,965,898,12,-75.0,847.0
873,900,2015-04-25,966,900,12,-73.0,850.0
874,899,2015-04-26,967,899,12,-74.0,844.0
875,901,2015-04-27,968,901,12,-71.0,848.0
876,902,2015-04-28,969,902,12,-72.0,844.0
877,903,2015-04-29,970,903,12,-71.0,849.0
878,906,2015-04-30,971,906,12,-71.0,848.0
879,904,2015-05-01,972,904,12,-73.0,847.0
880,905,2015-05-02,973,905,12,-72.0,844.0
881,907,2015-05-03,974,907,12,-73.0,842.0
882,908,2015-05-04,975,908,12,-73.0,843.0
883,909,2015-05-05,976,909,12,-75.0,842.0
884,910,2015-05-06,977,910,12,-75.0,841.0
885,913,2015-05-07,978,913,12,-73.0,842.0
886,912,2015-05-09,979,912,12,-79.0,841.0
887,911,2015-05-10,980,911,12,-73.0,840.0
888,914,2015-05-11,981,914,12,-73.0,841.0
889,917,2015-05-12,982,917,12,-74.0,840.0
890,916,2015-05-13,983,916,12,-76.0,840.0
891,915,2015-05-14,984,915,12,-74.0,840.0
892,918,2015-05-15,985,918,12,-78.0,840.0
893,919,2015-05-16,986,919,12,-74.0,840.0
894,920,2015-05-17,987,920,12,-74.0,839.0
895,922,2015-05-18,988,922,12,-75.0,840.0
896,921,2015-05-19,989,921,12,-74.0,841.0
897,923,2015-05-20,990,923,12,-76.0,839.0
898,926,2015-05-21,991,926,12,-73.0,840.0
899,924,2015-05-22,992,924,12,-73.0,842.0
900,927,2015-05-23,993,927,12,-73.0,840.0
901,925,2015-05-24,994,925,12,-79.0,842.0
902,929,2015-05-25,995,929,12,-74.0,842.0
903,928,2015-05-26,996,928,12,-72.0,842.0
904,930,2015-05-27,997,930,12,-74.0,843.0
905,931,2015-05-28,998,931,12,-73.0,842.0
906,932,2015-05-30,1000,932,12,-74.0,841.0
907,933,2015-05-31,1001,933,12,-79.0,843.0
908,936,2015-06-01,1002,936,12,-77.0,844.0
909,934,2015-06-02,1003,934,12,-74.0,843.0
910,935,2015-06-03,1004,935,12,-74.0,842.0
911,939,2015-06-04,1005,939,12,-75.0,843.0
912,941,2015-06-05,1006,941,12,-78.0,844.0
913,937,2015-06-06,1007,937,12,-79.0,845.0
914,940,2015-06-07,1008,940,12,-79.0,844.0
915,946,2015-06-08,1009,946,12,-75.0,845.0
916,947,2015-06-09,1010,947,12,-74.0,846.0
917,948,2015-06-10,1011,948,12,-78.0,845.0
918,949,2015-06-11,1012,949,12,-81.0,846.0
919,953,2015-06-12,1013,953,12,-80.0,846.0
920,950,2015-06-13,1014,950,12,-77.0,846.0
921,951,2015-06-14,1015,951,12,-75.0,847.0
922,952,2015-06-16,1016,952,12,-76.0,847.0
923,955,2015-06-17,1017,955,12,-78.0,850.0
924,956,2015-06-18,1018,956,12,-79.0,850.0
925,954,2015-06-19,1019,954,1,-81.0,849.0
926,938,2015-06-20,1020,938,1,-63.0,832.0
927,942,2015-06-21,1021,942,1,-76.0,850.0
928,944,2015-06-22,1022,944,1,-75.0,852.0
929,943,2015-06-23,1023,943,1,-76.0,851.0
930,945,2015-06-24,1024,945,1,-76.0,851.0
931,958,2015-06-25,1025,958,1,-74.0,851.0
932,957,2015-06-26,1026,957,1,-78.0,851.0
933,960,2015-06-28,1028,960,1,-75.0,853.0
934,959,2015-06-29,1029,959,1,-75.0,856.0
935,961,2015-06-30,1030,961,1,-77.0,855.0
936,963,2015-07-01,1031,963,1,-76.0,854.0
937,962,2015-07-02,1032,962,1,-74.0,854.0
938,965,2015-07-03,1033,965,1,-77.0,856.0
939,964,2015-07-04,1034,964,1,-76.0,859.0
940,966,2015-07-05,1035,966,1,-77.0,857.0
941,967,2015-07-06,1036,967,1,-76.0,856.0
942,968,2015-07-07,1037,968,1,-80.0,856.0
943,969,2015-07-08,1038,969,1,-76.0,858.0
944,970,2015-07-09,1039,970,1,-77.0,857.0
945,972,2015-07-10,1040,972,1,-77.0,858.0
946,971,2015-07-11,1041,971,1,-77.0,859.0
947,973,2015-07-12,1042,973,1,-76.0,859.0
948,974,2015-07-13,1043,974,1,-77.0,860.0
949,975,2015-07-14,1044,975,1,-79.0,860.0
950,978,2015-07-15,1045,978,1,-80.0,861.0
951,979,2015-07-16,1046,979,1,-77.0,862.0
952,977,2015-07-17,1047,977,1,-77.0,863.0
953,976,2015-07-18,1048,976,1,-78.0,864.0
954,980,2015-07-19,1049,980,1,-75.0,864.0
955,981,2015-07-20,1050,981,1,-76.0,863.0
956,983,2015-07-21,1051,983,1,-76.0,864.0
957,982,2015-07-23,1052,982,1,-78.0,865.0
958,984,2015-07-24,1053,984,1,-79.0,865.0
959,985,2015-07-25,1054,985,1,-77.0,867.0
960,987,2015-07-26,1055,987,1,-77.0,868.0
961,986,2015-07-27,1056,986,1,-76.0,868.0
962,988,2015-07-28,1057,988,1,-78.0,867.0
963,989,2015-07-29,1058,989,1,-78.0,868.0
964,990,2015-07-30,1059,990,1,-78.0,870.0
965,992,2015-07-31,1060,992,1,-78.0,870.0
966,993,2015-08-01,1061,993,1,-77.0,871.0
967,991,2015-08-02,1062,991,1,-77.0,871.0
968,994,2015-08-03,1063,994,1,-79.0,871.0
969,996,2015-08-04,1064,996,1,-77.0,871.0
970,995,2015-08-05,1065,995,1,-78.0,873.0
971,997,2015-08-06,1066,997,1,-78.0,875.0
972,998,2015-08-07,1067,998,1,-79.0,875.0
973,1000,2015-08-08,1068,1000,1,-76.0,874.0
974,999,2015-08-09,1069,999,1,-77.0,876.0
975,1001,2015-08-10,1070,1001,1,-80.0,877.0
976,1002,2015-08-11,1071,1002,1,-78.0,878.0
977,1003,2015-08-12,1072,1003,1,-78.0,879.0
978,1004,2015-08-13,1073,1004,1,-82.0,879.0
979,1005,2015-08-14,1074,1005,1,-77.0,878.0
980,1006,2015-08-15,1075,1006,1,-77.0,879.0
981,1007,2015-08-16,1076,1007,1,-81.0,880.0
982,1008,2015-08-17,1077,1008,1,-79.0,880.0
983,1009,2015-08-18,1078,1009,1,-80.0,881.0
984,1010,2015-08-19,1079,1010,1,-80.0,882.0
985,1013,2015-08-20,1080,1013,1,-77.0,882.0
986,1011,2015-08-21,1081,1011,2,-77.0,882.0
987,1012,2015-08-22,1082,1012,2,-79.0,882.0
988,1014,2015-08-23,1083,1014,2,-80.0,883.0
989,1015,2015-08-24,1084,1015,2,-78.0,885.0
990,1017,2015-08-25,1085,1017,2,-79.0,886.0
991,1016,2015-08-26,1086,1016,2,-77.0,885.0
992,1019,2015-08-27,1087,1019,2,-78.0,885.0
993,1020,2015-08-29,1088,1020,2,-77.0,885.0
994,1018,2015-08-30,1089,1018,2,-76.0,885.0
995,1021,2015-08-31,1090,1021,2,-78.0,886.0
996,1022,2015-09-01,1091,1022,2,-77.0,886.0
997,1023,2015-09-02,1092,1023,2,-79.0,886.0
998,1024,2015-09-03,1093,1024,2,-77.0,887.0
999,1026,2015-09-04,1094,1026,2,-80.0,888.0
1000,1027,2015-09-05,1095,1027,2,-79.0,888.0
1001,1025,2015-09-06,1096,1025,2,-79.0,888.0
1002,1028,2015-09-07,1097,1028,2,-78.0,889.0
1003,1029,2015-09-08,1098,1029,2,-77.0,890.0
1004,1030,2015-09-09,1099,1030,2,-78.0,891.0
1005,1031,2015-09-10,1100,1031,2,-79.0,890.0
1006,1034,2015-09-11,1101,1034,2,-80.0,891.0
1007,1032,2015-09-12,1102,1032,2,-84.0,892.0
1008,1033,2015-09-13,1103,1033,2,-81.0,893.0
1009,1035,2015-09-14,1104,1035,2,-79.0,893.0
1010,1036,2015-09-15,1105,1036,2,-78.0,892.0
1011,1037,2015-09-16,1106,1037,2,-82.0,893.0
1012,1040,2015-09-17,1107,1040,2,-79.0,893.0
1013,1038,2015-09-18,1108,1038,2,-78.0,895.0
1014,1039,2015-09-19,1109,1039,2,-82.0,895.0
1015,1041,2015-09-20,1110,1041,2,-81.0,895.0
1016,1042,2015-09-21,1111,1042,2,-79.0,896.0
1017,1043,2015-09-22,1112,1043,2,-80.0,895.0
1018,1044,2015-09-23,1113,1044,2,-79.0,895.0
1019,1045,2015-09-24,1114,1045,2,-79.0,896.0
1020,1047,2015-09-25,1115,1047,2,-80.0,897.0
1021,1046,2015-09-26,1116,1046,2,-79.0,898.0
1022,1048,2015-09-27,1117,1048,2,-79.0,898.0
1023,1049,2015-09-28,1118,1049,2,-80.0,898.0
1024,1050,2015-09-29,1119,1050,2,-81.0,899.0
1025,1051,2015-09-30,1120,1051,2,-80.0,900.0
1026,1052,2015-10-01,1121,1052,2,-81.0,901.0
1027,1053,2015-10-02,1122,1053,2,-79.0,901.0
1028,1054,2015-10-03,1123,1054,2,-79.0,900.0
1029,1055,2015-10-04,1124,1055,2,-80.0,900.0
1030,1056,2015-10-06,1125,1056,2,-79.0,900.0
1031,1057,2015-10-07,1126,1057,2,-79.0,901.0
1032,1058,2015-10-08,1127,1058,2,-80.0,901.0
1033,1059,2015-10-09,1128,1059,2,-79.0,902.0
1034,1060,2015-10-10,1129,1060,2,-80.0,902.0
1035,1061,2015-10-11,1130,1061,2,-81.0,902.0
1036,1062,2015-10-12,1131,1062,2,-81.0,902.0
1037,1063,2015-10-13,1132,1063,2,-82.0,902.0
1038,1064,2015-10-14,1133,1064,2,-82.0,902.0
1039,1065,2015-10-15,1134,1065,2,-80.0,902.0
1040,1069,2015-10-16,1135,1069,2,-81.0,901.0
1041,1066,2015-10-17,1136,1066,2,-82.0,901.0
1042,1068,2015-10-18,1137,1068,2,-81.0,901.0
1043,1067,2015-10-19,1138,1067,2,-82.0,901.0
1044,1070,2015-10-20,1139,1070,2,-80.0,901.0
1045,1071,2015-10-21,1140,1071,2,-81.0,901.0
1046,1072,2015-10-22,1141,1072,2,-82.0,902.0
1047,1073,2015-10-23,1142,1073,2,-82.0,902.0
1048,1074,2015-10-24,1143,1074,2,-82.0,901.0
1049,1075,2015-10-25,1144,1075,2,-82.0,902.0
1050,1076,2015-10-26,1145,1076,2,-82.0,903.0
1051,1077,2015-10-27,1146,1077,3,-82.0,902.0
1052,1078,2015-10-28,1147,1078,3,-80.0,901.0
1053,1080,2015-10-29,1148,1080,3,-80.0,901.0
1054,1079,2015-10-30,1149,1079,3,-81.0,902.0
1055,1081,2015-10-31,1150,1081,3,-82.0,902.0
1056,1082,2015-11-01,1151,1082,3,-82.0,901.0
1057,1086,2015-11-02,1152,1086,3,-80.0,901.0
1058,1083,2015-11-03,1153,1083,3,-82.0,900.0
1059,1088,2015-11-04,1154,1088,3,-84.0,900.0
1060,1084,2015-11-05,1155,1084,3,-84.0,900.0
1061,1085,2015-11-06,1156,1085,3,-84.0,900.0
1062,1087,2015-11-07,1157,1087,3,-82.0,900.0
1063,1089,2015-11-08,1158,1089,3,-82.0,898.0
1064,1090,2015-11-09,1159,1090,3,-82.0,898.0
1065,1091,2015-11-10,1160,1091,3,-80.0,899.0
1066,1092,2015-11-12,1161,1092,3,-83.0,898.0
1067,1093,2015-11-13,1162,1093,3,-84.0,897.0
1068,1094,2015-11-14,1163,1094,3,-86.0,896.0
1069,1095,2015-11-15,1164,1095,3,-86.0,896.0
1070,1096,2015-11-16,1165,1096,3,-84.0,897.0
1071,1097,2015-11-17,1166,1097,3,-84.0,895.0
1072,1098,2015-11-18,1167,1098,3,-84.0,894.0
1073,1102,2015-11-19,1168,1102,3,-84.0,894.0
1074,1100,2015-11-20,1169,1100,3,-89.0,894.0
1075,1101,2015-11-21,1170,1101,3,-85.0,893.0
1076,1099,2015-11-22,1171,1099,3,-87.0,892.0
1077,1104,2015-11-23,1172,1104,3,-87.0,892.0
1078,1103,2015-11-24,1173,1103,3,-87.0,892.0
1079,1105,2015-11-25,1174,1105,3,-85.0,891.0
1080,1106,2015-11-26,1175,1106,3,-85.0,890.0
1081,1107,2015-11-27,1176,1107,3,-84.0,890.0
1082,1108,2015-11-28,1177,1108,3,-84.0,888.0
1083,1109,2015-11-29,1178,1109,3,-86.0,888.0
1084,1110,2015-11-30,1179,1110,3,-85.0,887.0
1085,1111,2015-12-01,1180,1111,3,-86.0,886.0
1086,1112,2015-12-02,1181,1112,3,-86.0,885.0
1087,1114,2015-12-03,1182,1114,3,-85.0,884.0
1088,1113,2015-12-04,1183,1113,3,-86.0,883.0
1089,1115,2015-12-05,1184,1115,3,-85.0,882.0
1090,1116,2015-12-06,1185,1116,3,-84.0,881.0
1091,1117,2015-12-07,1186,1117,3,-86.0,881.0
1092,1118,2015-12-08,1187,1118,3,-84.0,881.0
1093,1119,2015-12-09,1188,1119,3,-90.0,881.0
1094,1120,2015-12-10,1189,1120,3,-87.0,879.0
1095,1121,2015-12-11,1190,1121,3,-87.0,877.0
1096,1122,2015-12-12,1191,1122,3,-87.0,876.0
1097,1123,2015-12-13,1192,1123,3,-86.0,876.0
1098,1124,2015-12-14,1193,1124,3,-84.0,875.0
1099,1125,2015-12-15,1194,1125,3,-84.0,873.0
1100,1126,2015-12-16,1195,1126,3,-86.0,872.0
1101,1129,2015-12-17,1196,1129,3,-86.0,871.0
1102,1127,2015-12-18,1197,1127,3,-85.0,869.0
1103,1128,2015-12-20,1198,1128,3,-86.0,868.0
1104,1130,2015-12-21,1199,1130,3,-86.0,868.0
1105,1131,2015-12-22,1200,1131,3,-84.0,866.0
1106,1132,2015-12-23,1201,1132,3,-85.0,866.0
1107,1133,2015-12-24,1202,1133,3,-85.0,864.0
1108,1136,2015-12-25,1203,1136,3,-85.0,863.0
1109,1135,2015-12-26,1204,1135,3,-84.0,862.0
1110,1134,2015-12-27,1205,1134,3,-86.0,861.0
1111,1137,2015-12-28,1206,1137,3,-85.0,859.0
1112,1138,2015-12-29,1207,1138,3,-85.0,858.0
1113,1139,2015-12-30,1208,1139,3,-85.0,857.0
1114,1141,2015-12-31,1209,1141,3,-85.0,855.0
1115,1140,2016-01-01,1210,1140,3,-85.0,854.0
1116,1142,2016-01-02,1211,1142,3,-83.0,853.0
1117,1143,2016-01-03,1212,1143,3,-86.0,851.0
1118,1145,2016-01-04,1213,1145,4,-84.0,851.0
1119,1144,2016-01-05,1214,1144,4,-85.0,849.0
1120,1146,2016-01-06,1215,1146,4,-85.0,848.0
1121,1147,2016-01-07,1216,1147,4,-86.0,847.0
1122,1148,2016-01-08,1217,1148,4,-88.0,846.0
1123,1149,2016-01-09,1218,1149,4,-86.0,845.0
1124,1150,2016-01-10,1219,1150,4,-87.0,844.0
1125,1151,2016-01-11,1220,1151,4,-87.0,842.0
1126,1152,2016-01-12,1221,1152,4,-87.0,841.0
1127,1153,2016-01-13,1222,1153,4,-87.0,840.0
1128,1155,2016-01-14,1223,1155,4,-88.0,839.0
1129,1154,2016-01-15,1224,1154,4,-88.0,837.0
1130,1156,2016-01-16,1225,1156,4,-87.0,836.0
1131,1157,2016-01-17,1226,1157,4,-87.0,835.0
1132,1158,2016-01-18,1227,1158,4,-88.0,833.0
1133,1159,2016-01-19,1228,1159,4,-88.0,832.0
1134,1160,2016-01-20,1229,1160,4,-88.0,831.0
1135,1161,2016-01-21,1230,1161,4,-88.0,830.0
1136,1162,2016-01-22,1231,1162,4,-88.0,828.0
1137,1163,2016-01-23,1232,1163,4,-88.0,827.0
1138,1164,2016-01-24,1233,1164,4,-88.0,826.0
1139,1166,2016-01-26,1234,1166,4,-88.0,824.0
1140,1165,2016-01-27,1235,1165,4,-88.0,824.0
1141,1170,2016-01-28,1236,1170,4,-87.0,822.0
1142,1169,2016-01-29,1237,1169,4,-88.0,820.0
1143,1167,2016-01-30,1238,1167,4,-87.0,819.0
1144,1168,2016-01-31,1239,1168,4,-89.0,818.0
1145,1171,2016-02-01,1240,1171,4,-87.0,816.0
1146,1172,2016-02-02,1241,1172,4,-87.0,816.0
1147,1173,2016-02-03,1242,1173,4,-87.0,815.0
1148,1174,2016-02-04,1243,1174,4,-86.0,814.0
1149,1175,2016-02-05,1244,1175,4,-85.0,812.0
1150,1176,2016-02-06,1245,1176,4,-86.0,811.0
1151,1178,2016-02-07,1246,1178,4,-85.0,810.0
1152,1177,2016-02-08,1247,1177,4,-85.0,809.0
1153,1179,2016-02-09,1248,1179,4,-86.0,807.0
1154,1180,2016-02-10,1249,1180,4,-85.0,806.0
1155,1182,2016-02-11,1250,1182,4,-85.0,804.0
1156,1185,2016-02-12,1251,1185,4,-85.0,803.0
1157,1184,2016-02-13,1252,1184,4,-85.0,802.0
1158,1181,2016-02-14,1253,1181,4,-85.0,800.0
1159,1183,2016-02-15,1254,1183,4,-84.0,799.0
1160,1187,2016-02-16,1255,1187,4,-84.0,798.0
1161,1186,2016-02-17,1256,1186,4,-84.0,797.0
1162,1188,2016-02-18,1257,1188,4,-84.0,794.0
1163,1189,2016-02-19,1258,1189,4,-83.0,794.0
1164,1190,2016-02-20,1259,1190,4,-84.0,794.0
1165,1191,2016-02-21,1260,1191,4,-83.0,792.0
1166,1192,2016-02-22,1261,1192,4,-81.0,790.0
1167,1193,2016-02-23,1262,1193,4,-81.0,790.0
1168,1194,2016-02-24,1263,1194,4,-84.0,788.0
1169,1195,2016-02-25,1264,1195,4,-84.0,787.0
1170,1197,2016-02-26,1265,1197,4,-81.0,787.0
1171,1196,2016-02-27,1266,1196,4,-82.0,787.0
1172,1198,2016-02-28,1267,1198,4,-83.0,786.0
1173,1199,2016-02-29,1268,1199,4,-83.0,784.0
1174,1201,2016-03-01,1269,1201,4,-83.0,782.0
1175,1200,2016-03-03,1270,1200,4,-82.0,782.0
1176,1202,2016-03-04,1271,1202,4,-84.0,781.0
1177,1203,2016-03-05,1272,1203,4,-81.0,780.0
1178,1204,2016-03-06,1273,1204,4,-79.0,778.0
1179,1205,2016-03-07,1274,1205,4,-82.0,777.0
1180,1206,2016-03-08,1275,1206,4,-82.0,775.0
1181,1207,2016-03-09,1276,1207,4,-83.0,774.0
1182,1208,2016-03-10,1277,1208,5,-84.0,774.0
1183,1210,2016-03-11,1278,1210,5,-83.0,773.0
1184,1209,2016-03-12,1279,1209,5,-83.0,772.0
1185,1211,2016-03-13,1280,1211,5,-84.0,771.0
1186,1212,2016-03-14,1281,1212,5,-83.0,769.0
1187,1213,2016-03-15,1282,1213,5,-81.0,768.0
1188,1214,2016-03-16,1283,1214,5,-82.0,767.0
1189,1216,2016-03-17,1284,1216,5,-80.0,767.0
1190,1217,2016-03-18,1285,1217,5,-80.0,766.0
1191,1215,2016-03-19,1286,1215,5,-80.0,765.0
1192,1218,2016-03-20,1287,1218,5,-80.0,764.0
1193,1219,2016-03-21,1288,1219,5,-80.0,763.0
1194,1220,2016-03-24,1291,1220,5,-80.0,760.0
1195,1222,2016-03-25,1292,1222,5,-81.0,760.0
1196,1221,2016-03-26,1293,1221,5,-81.0,758.0
1197,1223,2016-03-27,1294,1223,5,-79.0,758.0
1198,1224,2016-03-28,1295,1224,5,-79.0,757.0
1199,1226,2016-03-29,1296,1226,5,-79.0,756.0
1200,1225,2016-03-30,1297,1225,5,-80.0,755.0
1201,1229,2016-03-31,1298,1229,5,-79.0,755.0
1202,1228,2016-04-01,1299,1228,5,-80.0,753.0
1203,1227,2016-04-02,1300,1227,5,-79.0,752.0
1204,1230,2016-04-03,1301,1230,5,-78.0,752.0
1205,1231,2016-04-04,1302,1231,5,-80.0,751.0
1206,1232,2016-04-05,1303,1232,5,-78.0,751.0
1207,1233,2016-04-06,1304,1233,5,-80.0,750.0
1208,1235,2016-04-07,1305,1235,5,-80.0,749.0
1209,1234,2016-04-08,1306,1234,5,-79.0,748.0
1210,1236,2016-04-10,1307,1236,5,-80.0,748.0
1211,1237,2016-04-11,1308,1237,5,-81.0,748.0
1212,1238,2016-04-12,1309,1238,5,-81.0,747.0
1213,1239,2016-04-13,1310,1239,5,-76.0,745.0
1214,1240,2016-04-14,1311,1240,5,-78.0,745.0
1215,1243,2016-04-15,1312,1243,5,-77.0,745.0
1216,1241,2016-04-16,1313,1241,5,-77.0,745.0
1217,1242,2016-04-17,1314,1242,5,-78.0,744.0
1218,1244,2016-04-18,1315,1244,5,-77.0,744.0
1219,1245,2016-04-19,1316,1245,5,-80.0,744.0
1220,1246,2016-04-20,1317,1246,5,-80.0,743.0
1221,1247,2016-04-21,1318,1247,5,-80.0,743.0
1222,1248,2016-04-22,1319,1248,5,-78.0,742.0
1223,1250,2016-04-23,1320,1250,5,-77.0,741.0
1224,1249,2016-04-24,1321,1249,5,-77.0,740.0
1225,1251,2016-04-25,1322,1251,5,-78.0,740.0
1226,1252,2016-04-26,1323,1252,5,-77.0,738.0
1227,1253,2016-04-27,1324,1253,5,-78.0,738.0
1228,1256,2016-04-28,1325,1256,5,-78.0,738.0
1229,1254,2016-04-29,1326,1254,5,-77.0,738.0
1230,1255,2016-04-30,1327,1255,5,-76.0,736.0
1231,1257,2016-05-01,1328,1257,5,-77.0,735.0
1232,1258,2016-05-02,1329,1258,5,-74.0,735.0
1233,1259,2016-05-03,1330,1259,5,-78.0,734.0
1234,1260,2016-05-04,1331,1260,5,-76.0,734.0
1235,1262,2016-05-05,1332,1262,5,-78.0,734.0
1236,1263,2016-05-06,1333,1263,5,-76.0,733.0
1237,1261,2016-05-07,1334,1261,5,-77.0,732.0
1238,1264,2016-05-08,1335,1264,5,-77.0,732.0
1239,1265,2016-05-09,1336,1265,5,-75.0,732.0
1240,1266,2016-05-10,1337,1266,6,-76.0,734.0
1241,1267,2016-05-11,1338,1267,6,-75.0,734.0
1242,1268,2016-05-12,1339,1268,6,-77.0,733.0
1243,1269,2016-05-13,1340,1269,6,-76.0,734.0
1244,1270,2016-05-14,1341,1270,6,-76.0,735.0
1245,1271,2016-05-15,1342,1271,6,-80.0,735.0
1246,1272,2016-05-17,1343,1272,6,-74.0,735.0
1247,1273,2016-05-18,1344,1273,6,-75.0,734.0
1248,1276,2016-05-19,1345,1276,6,-75.0,735.0
1249,1274,2016-05-20,1346,1274,6,-75.0,737.0
1250,1277,2016-05-21,1347,1277,6,-75.0,736.0
1251,1275,2016-05-22,1348,1275,6,-76.0,735.0
1252,1278,2016-05-23,1349,1278,6,-73.0,737.0
1253,1279,2016-05-24,1350,1279,6,-73.0,738.0
1254,1280,2016-05-25,1351,1280,6,-72.0,739.0
1255,1283,2016-05-26,1352,1283,6,-73.0,736.0
1256,1281,2016-05-27,1353,1281,6,-76.0,737.0
1257,1282,2016-05-28,1354,1282,6,-75.0,739.0
1258,1284,2016-05-29,1355,1284,6,-75.0,740.0
1259,1286,2016-05-30,1356,1286,6,-74.0,739.0
1260,1285,2016-05-31,1357,1285,6,-72.0,738.0
1261,1287,2016-06-01,1358,1287,6,-74.0,738.0
1262,1288,2016-06-02,1359,1288,6,-76.0,739.0
1263,1289,2016-06-03,1360,1289,6,-76.0,739.0
1264,1290,2016-06-04,1361,1290,6,-75.0,739.0
1265,1291,2016-06-05,1362,1291,6,-74.0,739.0
1266,1292,2016-06-06,1363,1292,6,-75.0,740.0
1267,1293,2016-06-07,1364,1293,6,-74.0,740.0
1268,1294,2016-06-08,1365,1294,6,-74.0,739.0
1269,1295,2016-06-09,1366,1295,6,-75.0,740.0
1270,1296,2016-06-10,1367,1296,6,-74.0,743.0
1271,1297,2016-06-11,1368,1297,6,-74.0,743.0
1272,1299,2016-06-12,1369,1299,6,-73.0,742.0
1273,1298,2016-06-13,1370,1298,6,-74.0,744.0
1274,1301,2016-06-14,1371,1301,6,-75.0,746.0
1275,1300,2016-06-15,1372,1300,6,-74.0,745.0
1276,1303,2016-06-16,1373,1303,6,-74.0,746.0
1277,1302,2016-06-17,1374,1302,6,-75.0,748.0
1278,1304,2016-06-18,1375,1304,6,-73.0,749.0
1279,1305,2016-06-19,1376,1305,6,-75.0,749.0
1280,1306,2016-06-20,1377,1306,6,-76.0,749.0
1281,1308,2016-06-21,1378,1308,6,-76.0,751.0
1282,1307,2016-06-23,1379,1307,6,-77.0,751.0
1283,1311,2016-06-24,1380,1311,6,-74.0,751.0
1284,1309,2016-06-25,1381,1309,6,-73.0,751.0
1285,1310,2016-06-26,1382,1310,6,-76.0,752.0
1286,1312,2016-06-27,1383,1312,6,-73.0,752.0
1287,1313,2016-06-28,1384,1313,6,-74.0,753.0
1288,1314,2016-06-29,1385,1314,6,-75.0,755.0
1289,1315,2016-06-30,1386,1315,6,-74.0,755.0
1290,1316,2016-07-01,1387,1316,6,-74.0,755.0
1291,1317,2016-07-02,1388,1317,6,-73.0,756.0
1292,1318,2016-07-12,1398,1318,7,-66.0,751.0
1293,1319,2016-07-13,1399,1319,7,-73.0,770.0
1294,1322,2016-07-14,1400,1322,7,-73.0,770.0
1295,1321,2016-07-15,1401,1321,7,-73.0,770.0
1296,1320,2016-07-16,1402,1320,7,-75.0,771.0
1297,1323,2016-07-17,1403,1323,7,-75.0,771.0
1298,1324,2016-07-18,1404,1324,7,-75.0,774.0
1299,1325,2016-07-19,1405,1325,7,-75.0,775.0
1300,1328,2016-07-20,1406,1328,7,-76.0,775.0
1301,1329,2016-07-21,1407,1329,7,-74.0,779.0
1302,1327,2016-07-22,1408,1327,7,-75.0,779.0
1303,1326,2016-07-23,1409,1326,7,-74.0,781.0
1304,1330,2016-07-24,1410,1330,7,-72.0,782.0
1305,1331,2016-07-25,1411,1331,7,-72.0,782.0
1306,1333,2016-07-26,1412,1333,7,-78.0,784.0
1307,1332,2016-07-27,1413,1332,7,-72.0,784.0
1308,1336,2016-07-28,1414,1336,7,-73.0,785.0
1309,1334,2016-07-29,1415,1334,7,-72.0,787.0
1310,1335,2016-07-31,1416,1335,7,-72.0,791.0
1311,1337,2016-08-01,1417,1337,7,-70.0,791.0
1312,1338,2016-08-02,1418,1338,7,-73.0,793.0
1313,1339,2016-08-03,1419,1339,7,-73.0,793.0
1314,1340,2016-08-04,1420,1340,7,-71.0,793.0
1315,1343,2016-08-05,1421,1343,7,-72.0,797.0
1316,1342,2016-08-06,1422,1342,7,-72.0,798.0
1317,1341,2016-08-07,1423,1341,7,-71.0,800.0
1318,1344,2016-08-08,1424,1344,7,-72.0,803.0
1319,1345,2016-08-09,1425,1345,7,-72.0,804.0
1320,1346,2016-08-10,1426,1346,7,-71.0,803.0
1321,1347,2016-08-11,1427,1347,7,-72.0,807.0
1322,1348,2016-08-12,1428,1348,7,-72.0,808.0
1323,1349,2016-08-13,1429,1349,7,-70.0,810.0
1324,1351,2016-08-14,1430,1351,7,-69.0,810.0
1325,1350,2016-08-15,1431,1350,7,-69.0,811.0
1326,1352,2016-08-16,1432,1352,7,-71.0,813.0
1327,1353,2016-08-17,1433,1353,7,-70.0,818.0
1328,1356,2016-08-18,1434,1356,7,-70.0,818.0
1329,1355,2016-08-19,1435,1355,7,-71.0,823.0
1330,1354,2016-08-20,1436,1354,7,-72.0,825.0
1331,1357,2016-08-21,1437,1357,7,-71.0,821.0
1332,1358,2016-08-22,1438,1358,7,-68.0,823.0
1333,1360,2016-08-23,1439,1360,7,-71.0,828.0
1334,1359,2016-08-24,1440,1359,7,-70.0,828.0
1335,1361,2016-08-25,1441,1361,8,-74.0,828.0
1336,1362,2016-08-26,1442,1362,8,-68.0,829.0
1337,1363,2016-08-27,1443,1363,8,-69.0,831.0
1338,1364,2016-08-28,1444,1364,8,-69.0,833.0
1339,1365,2016-08-29,1445,1365,8,-69.0,836.0
1340,1366,2016-08-30,1446,1366,8,-70.0,841.0
1341,1367,2016-08-31,1447,1367,8,-74.0,841.0
1342,1369,2016-09-01,1448,1369,8,-69.0,841.0
1343,1368,2016-09-02,1449,1368,8,-71.0,841.0
1344,1370,2016-09-03,1450,1370,8,-69.0,842.0
1345,1371,2016-09-04,1451,1371,8,-71.0,842.0
1346,1373,2016-09-06,1452,1373,8,-74.0,845.0
1347,1372,2016-09-07,1453,1372,8,-73.0,850.0
1348,1374,2016-09-08,1454,1374,8,-69.0,854.0
1349,1377,2016-09-09,1455,1377,8,-70.0,858.0
1350,1376,2016-09-10,1456,1376,8,-69.0,859.0
1351,1375,2016-09-11,1457,1375,8,-69.0,860.0
1352,1378,2016-09-12,1458,1378,8,-69.0,859.0
1353,1379,2016-09-13,1459,1379,8,-71.0,861.0
1354,1380,2016-09-14,1460,1380,8,-70.0,865.0
1355,1382,2016-09-15,1461,1382,8,-69.0,870.0
1356,1381,2016-09-16,1462,1381,8,-68.0,871.0
1357,1383,2016-09-17,1463,1383,8,-68.0,871.0
1358,1384,2016-09-18,1464,1384,8,-71.0,871.0
1359,1385,2016-09-19,1465,1385,8,-68.0,870.0
1360,1386,2016-09-20,1466,1386,8,-67.0,873.0
1361,1387,2016-09-21,1467,1387,8,-69.0,877.0
1362,1388,2016-09-22,1468,1388,8,-70.0,879.0
1363,1389,2016-09-23,1469,1389,8,-72.0,881.0
1364,1391,2016-09-24,1470,1391,8,-70.0,879.0
1365,1392,2016-09-25,1471,1392,8,-71.0,880.0
1366,1390,2016-09-26,1472,1390,8,-68.0,879.0
1367,1393,2016-09-27,1473,1393,8,-67.0,881.0
1368,1394,2016-09-28,1474,1394,8,-68.0,889.0
1369,1396,2016-09-29,1475,1396,8,-72.0,890.0
1370,1395,2016-09-30,1476,1395,8,-69.0,888.0
1371,1397,2016-10-01,1477,1397,8,-72.0,888.0
1372,1399,2016-10-02,1478,1399,8,-68.0,887.0
1373,1398,2016-10-03,1479,1398,8,-66.0,890.0
1374,1400,2016-10-04,1480,1400,8,-68.0,893.0
1375,1401,2016-10-05,1481,1401,8,-70.0,893.0
1376,1403,2016-10-06,1482,1403,8,-68.0,893.0
1377,1402,2016-10-07,1483,1402,8,-68.0,892.0
1378,1404,2016-10-08,1484,1404,8,-68.0,895.0
1379,1405,2016-10-09,1485,1405,8,-71.0,899.0
1380,1406,2016-10-10,1486,1406,8,-71.0,901.0
1381,1407,2016-10-11,1487,1407,8,-68.0,901.0
1382,1408,2016-10-12,1488,1408,9,-69.0,902.0
1383,1410,2016-10-14,1489,1410,9,-68.0,903.0
1384,1411,2016-10-15,1490,1411,9,-66.0,904.0
1385,1409,2016-10-16,1491,1409,9,-69.0,906.0
1386,1412,2016-10-17,1492,1412,9,-68.0,910.0
1387,1413,2016-10-18,1493,1413,9,-70.0,905.0
1388,1414,2016-10-19,1494,1414,9,-70.0,904.0
1389,1416,2016-10-20,1495,1416,9,-71.0,903.0
1390,1415,2016-10-21,1496,1415,9,-72.0,906.0
1391,1417,2016-10-22,1497,1417,9,-68.0,909.0
1392,1418,2016-10-23,1498,1418,9,-68.0,907.0
1393,1419,2016-10-24,1499,1419,9,-69.0,903.0
1394,1420,2016-10-25,1500,1420,9,-70.0,903.0
1395,1421,2016-10-26,1501,1421,9,-69.0,903.0
1396,1422,2016-10-27,1502,1422,9,-69.0,907.0
1397,1424,2016-10-28,1503,1424,9,-70.0,909.0
1398,1423,2016-10-29,1504,1423,9,-69.0,910.0
1399,1425,2016-10-30,1505,1425,9,-69.0,906.0
1400,1426,2016-10-31,1506,1426,9,-71.0,907.0
1401,1427,2016-11-01,1507,1427,9,-70.0,907.0
1402,1428,2016-11-02,1508,1428,9,-70.0,907.0
1403,1430,2016-11-03,1509,1430,9,-70.0,910.0
1404,1431,2016-11-04,1510,1431,9,-70.0,908.0
1405,1429,2016-11-05,1511,1429,9,-77.0,908.0
1406,1432,2016-11-06,1512,1432,9,-78.0,906.0
1407,1433,2016-11-07,1513,1433,9,-74.0,907.0
1408,1434,2016-11-08,1514,1434,9,-73.0,906.0
1409,1435,2016-11-09,1515,1435,9,-76.0,906.0
1410,1436,2016-11-10,1516,1436,9,-71.0,909.0
1411,1437,2016-11-11,1517,1437,9,-76.0,911.0
1412,1438,2016-11-12,1518,1438,9,-78.0,909.0
1413,1440,2016-11-13,1519,1440,9,-72.0,906.0
1414,1439,2016-11-14,1520,1439,9,-73.0,905.0
1415,1441,2016-11-15,1521,1441,9,-71.0,905.0
1416,1442,2016-11-16,1522,1442,9,-71.0,905.0
1417,1443,2016-11-17,1523,1443,9,-77.0,905.0
1418,1444,2016-11-18,1524,1444,9,-76.0,904.0
1419,1445,2016-11-20,1525,1445,9,-74.0,902.0
1420,1446,2016-11-21,1526,1446,9,-72.0,900.0
1421,1449,2016-11-22,1527,1449,9,-71.0,900.0
1422,1450,2016-11-23,1528,1450,9,-72.0,898.0
1423,1451,2016-11-24,1529,1451,9,-73.0,900.0
1424,1452,2016-11-25,1530,1452,9,-71.0,899.0
1425,1447,2016-11-26,1531,1447,9,-76.0,900.0
1426,1448,2016-11-27,1532,1448,9,-72.0,900.0
1427,1453,2016-11-28,1533,1453,9,-72.0,896.0
1428,1454,2016-11-29,1534,1454,10,-73.0,898.0
1429,1455,2016-11-30,1535,1455,10,-73.0,900.0
1430,1456,2016-12-01,1536,1456,10,-71.0,901.0
1431,1458,2016-12-02,1537,1458,10,-74.0,900.0
1432,1457,2016-12-03,1538,1457,10,-73.0,898.0
1433,1459,2016-12-04,1539,1459,10,-74.0,896.0
1434,1460,2016-12-05,1540,1460,10,-72.0,896.0
1435,1461,2016-12-06,1541,1461,10,-76.0,895.0
1436,1462,2016-12-07,1542,1462,10,-73.0,895.0
1437,1464,2016-12-08,1543,1464,10,-74.0,896.0
1438,1463,2016-12-09,1544,1463,10,-71.0,894.0
1439,1465,2016-12-10,1545,1465,10,-73.0,891.0
1440,1467,2016-12-11,1546,1467,10,-73.0,889.0
1441,1466,2016-12-12,1547,1466,10,-75.0,887.0
1442,1468,2016-12-13,1548,1468,10,-76.0,887.0
1443,1469,2016-12-14,1549,1469,10,-76.0,887.0
1444,1472,2016-12-15,1550,1472,10,-71.0,888.0
1445,1471,2016-12-16,1551,1471,10,-71.0,886.0
1446,1470,2016-12-17,1552,1470,10,-74.0,886.0
1447,1474,2016-12-18,1553,1474,10,-77.0,884.0
1448,1473,2016-12-19,1554,1473,10,-70.0,882.0
1449,1477,2016-12-20,1555,1477,10,-71.0,883.0
1450,1478,2016-12-21,1556,1478,10,-72.0,883.0
1451,1475,2016-12-22,1557,1475,10,-70.0,883.0
1452,1476,2016-12-23,1558,1476,10,-72.0,880.0
1453,1484,2016-12-24,1559,1484,10,-76.0,879.0
1454,1482,2016-12-25,1560,1482,10,-76.0,877.0
1455,1485,2016-12-27,1561,1485,10,-77.0,877.0
1456,1479,2016-12-28,1562,1479,10,-73.0,877.0
1457,1483,2016-12-29,1563,1483,10,-75.0,879.0
1458,1481,2016-12-30,1564,1481,10,-70.0,877.0
1459,1480,2016-12-31,1565,1480,10,-72.0,874.0
1460,1487,2017-01-01,1566,1487,10,-76.0,876.0
1461,1486,2017-01-02,1567,1486,10,-70.0,872.0
1462,1488,2017-01-03,1568,1488,10,-71.0,876.0
1463,1492,2017-01-04,1569,1492,10,-70.0,873.0
1464,1491,2017-01-05,1570,1491,10,-71.0,873.0
1465,1490,2017-01-06,1571,1490,10,-70.0,873.0
1466,1489,2017-01-07,1572,1489,10,-81.0,869.0
1467,1493,2017-01-08,1573,1493,10,-74.0,872.0
1468,1495,2017-01-09,1574,1495,10,-72.0,868.0
1469,1494,2017-01-10,1575,1494,10,-73.0,871.0
1470,1496,2017-01-11,1576,1496,10,-72.0,869.0
1471,1498,2017-01-12,1577,1498,10,-72.0,866.0
1472,1499,2017-01-13,1578,1499,10,-74.0,868.0
1473,1500,2017-01-14,1579,1500,10,-73.0,862.0
1474,1497,2017-01-15,1580,1497,10,-72.0,867.0
1475,1501,2017-01-16,1581,1501,10,-72.0,862.0
1476,1503,2017-01-17,1582,1503,11,-74.0,862.0
1477,1502,2017-01-18,1583,1502,11,-75.0,862.0
1478,1505,2017-01-19,1584,1505,11,-77.0,860.0
1479,1506,2017-01-20,1585,1506,11,-76.0,864.0
1480,1504,2017-01-21,1586,1504,11,-72.0,858.0
1481,1508,2017-01-22,1587,1508,11,-73.0,860.0
1482,1507,2017-01-23,1588,1507,11,-72.0,858.0
1483,1510,2017-01-24,1589,1510,11,-72.0,857.0
1484,1509,2017-01-25,1590,1509,11,-76.0,860.0
1485,1512,2017-01-26,1591,1512,11,-73.0,852.0
1486,1511,2017-01-27,1592,1511,11,-71.0,857.0
1487,1513,2017-01-28,1593,1513,11,-72.0,852.0
1488,1514,2017-01-29,1594,1514,11,-74.0,855.0
1489,1515,2017-01-30,1595,1515,11,-71.0,855.0
1490,1516,2017-01-31,1596,1516,11,-74.0,850.0
1491,1517,2017-02-01,1597,1517,11,-73.0,855.0
1492,1519,2017-02-03,1598,1519,11,-70.0,849.0
1493,1518,2017-02-04,1599,1518,11,-72.0,853.0
1494,1520,2017-02-05,1600,1520,11,-71.0,850.0
1495,1522,2017-02-06,1601,1522,11,-71.0,853.0
1496,1521,2017-02-07,1602,1521,11,-77.0,852.0
1497,1523,2017-02-08,1603,1523,11,-76.0,847.0
1498,1524,2017-02-09,1604,1524,11,-77.0,850.0
1499,1526,2017-02-10,1605,1526,11,-73.0,846.0
1500,1525,2017-02-11,1606,1525,11,-75.0,850.0
1501,1528,2017-02-12,1607,1528,11,-77.0,846.0
1502,1527,2017-02-13,1608,1527,11,-72.0,847.0
1503,1529,2017-02-14,1609,1529,11,-71.0,847.0
1504,1534,2017-02-18,1613,1534,11,-72.0,846.0
1505,1533,2017-02-19,1614,1533,11,-73.0,837.0
1506,1536,2017-02-20,1615,1536,11,-73.0,842.0
1507,1535,2017-02-21,1616,1535,11,-73.0,848.0
1508,1537,2017-02-22,1617,1537,11,-72.0,840.0
1509,1540,2017-02-23,1618,1540,11,-71.0,845.0
1510,1538,2017-02-24,1619,1538,11,-73.0,841.0
1511,1539,2017-02-25,1620,1539,11,-70.0,844.0
1512,1541,2017-02-26,1621,1541,11,-73.0,842.0
1513,1542,2017-02-27,1622,1542,11,-71.0,841.0
1514,1544,2017-02-28,1623,1544,11,-71.0,840.0
1515,1543,2017-03-01,1624,1543,11,-72.0,837.0
1516,1546,2017-03-02,1625,1546,11,-71.0,839.0
1517,1545,2017-03-03,1626,1545,11,-71.0,839.0
1518,1547,2017-03-04,1627,1547,11,-72.0,838.0
1519,1549,2017-03-05,1628,1549,11,-71.0,839.0
1520,1548,2017-03-06,1629,1548,11,-74.0,837.0
1521,1551,2017-03-07,1630,1551,11,-77.0,838.0
1522,1550,2017-03-08,1631,1550,11,-77.0,837.0
1523,1552,2017-03-09,1632,1552,12,-72.0,836.0
1524,1554,2017-03-10,1633,1554,12,-75.0,834.0
1525,1553,2017-03-12,1634,1553,12,-72.0,834.0
1526,1555,2017-03-13,1635,1555,12,-73.0,833.0
1527,1556,2017-03-14,1636,1556,12,-72.0,834.0
1528,1557,2017-03-15,1637,1557,12,-73.0,833.0
1529,1559,2017-03-16,1638,1559,12,-73.0,833.0
1530,1558,2017-03-17,1639,1558,12,-71.0,832.0
1531,1561,2017-03-18,1640,1561,12,-72.0,832.0
1532,1560,2017-03-19,1641,1560,12,-72.0,831.0
1533,1564,2017-03-20,1642,1564,12,-72.0,829.0
1534,1563,2017-03-21,1643,1563,12,-74.0,832.0
1535,1562,2017-03-22,1644,1562,12,-74.0,832.0
1536,1567,2017-03-23,1645,1567,12,-74.0,832.0
1537,1565,2017-03-24,1646,1565,12,-74.0,831.0
1538,1566,2017-03-25,1647,1566,12,-73.0,831.0
1539,1568,2017-03-26,1648,1568,12,-73.0,830.0
1540,1569,2017-03-27,1649,1569,12,-74.0,830.0
1541,1570,2017-03-28,1650,1570,12,-75.0,833.0
1542,1571,2017-03-29,1651,1571,12,-77.0,833.0
1543,1572,2017-03-30,1652,1572,12,-76.0,834.0
1544,1573,2017-03-31,1653,1573,12,-75.0,833.0
1545,1575,2017-04-01,1654,1575,12,-75.0,829.0
1546,1574,2017-04-02,1655,1574,12,-76.0,831.0
1547,1576,2017-04-03,1656,1576,12,-75.0,832.0
1548,1578,2017-04-04,1657,1578,12,-75.0,836.0
1549,1577,2017-04-05,1658,1577,12,-77.0,835.0
1550,1579,2017-04-06,1659,1579,12,-77.0,832.0
1551,1581,2017-04-07,1660,1581,12,-74.0,832.0
1552,1580,2017-04-08,1661,1580,12,-75.0,831.0
1553,1583,2017-04-09,1662,1583,12,-75.0,831.0
1554,1584,2017-04-10,1663,1584,12,-74.0,832.0
1555,1586,2017-04-11,1664,1586,12,-74.0,832.0
1556,1585,2017-04-12,1665,1585,12,-76.0,833.0
1557,1582,2017-04-13,1666,1582,12,-76.0,834.0
1558,1588,2017-04-14,1667,1588,12,-76.0,833.0
1559,1587,2017-04-15,1668,1587,12,-77.0,831.0
1560,1589,2017-04-16,1669,1589,12,-74.0,833.0
1561,1590,2017-04-18,1670,1590,12,-76.0,834.0
1562,1591,2017-04-19,1671,1591,12,-76.0,832.0
1563,1592,2017-04-20,1672,1592,12,-74.0,833.0
1564,1594,2017-04-21,1673,1594,12,-75.0,836.0
1565,1593,2017-04-22,1674,1593,12,-75.0,835.0
1566,1595,2017-04-23,1675,1595,12,-75.0,835.0
1567,1596,2017-04-24,1676,1596,12,-76.0,837.0
1568,1597,2017-04-25,1677,1597,12,-74.0,835.0
1569,1598,2017-04-26,1678,1598,12,-74.0,836.0
1570,1599,2017-04-27,1679,1599,12,-75.0,836.0
1571,1601,2017-04-28,1680,1601,12,-74.0,835.0
1572,1602,2017-04-29,1681,1602,12,-74.0,837.0
1573,1603,2017-04-30,1682,1603,12,-76.0,839.0
1574,1600,2017-05-01,1683,1600,12,-75.0,837.0
1575,1604,2017-05-02,1684,1604,12,-75.0,837.0
1576,1605,2017-05-03,1685,1605,12,-77.0,838.0
1577,1607,2017-05-04,1686,1607,12,-75.0,838.0
1578,1608,2017-05-05,1687,1608,12,-75.0,838.0
1579,1606,2017-05-06,1688,1606,1,-76.0,840.0
1580,1610,2017-05-07,1689,1610,1,-75.0,840.0
1581,1609,2017-05-08,1690,1609,1,-76.0,840.0
1582,1614,2017-05-10,1692,1614,1,-62.0,820.0
1583,1612,2017-05-11,1693,1612,1,-76.0,840.0
1584,1613,2017-05-12,1694,1613,1,-76.0,840.0
1585,1611,2017-05-13,1695,1611,1,-77.0,840.0
1586,1615,2017-05-14,1696,1615,1,-75.0,841.0
1587,1616,2017-05-15,1697,1616,1,-77.0,841.0
1588,1618,2017-05-16,1698,1618,1,-77.0,842.0
1589,1617,2017-05-17,1699,1617,1,-76.0,843.0
1590,1619,2017-05-18,1700,1619,1,-76.0,842.0
1591,1620,2017-05-19,1701,1620,1,-76.0,841.0
1592,1621,2017-05-20,1702,1621,1,-75.0,842.0
1593,1622,2017-05-21,1703,1622,1,-76.0,843.0
1594,1625,2017-05-22,1704,1625,1,-77.0,844.0
1595,1623,2017-05-23,1705,1623,1,-76.0,845.0
1596,1624,2017-05-24,1706,1624,1,-77.0,845.0
1597,1627,2017-05-26,1707,1627,1,-77.0,846.0
1598,1626,2017-05-27,1708,1626,1,-76.0,846.0
1599,1628,2017-05-28,1709,1628,1,-76.0,847.0
1600,1629,2017-05-29,1710,1629,1,-76.0,848.0
1601,1631,2017-05-30,1711,1631,1,-75.0,848.0
1602,1630,2017-05-31,1712,1630,1,-77.0,849.0
1603,1635,2017-06-01,1713,1635,1,-75.0,850.0
1604,1633,2017-06-02,1714,1633,1,-77.0,849.0
1605,1634,2017-06-03,1715,1634,1,-77.0,851.0
1606,1632,2017-06-04,1716,1632,1,-76.0,850.0
1607,1636,2017-06-05,1717,1636,1,-76.0,851.0
1608,1637,2017-06-06,1718,1637,1,-77.0,852.0
1609,1639,2017-06-07,1719,1639,1,-77.0,853.0
1610,1638,2017-06-08,1720,1638,1,-76.0,853.0
1611,1641,2017-06-09,1721,1641,1,-76.0,852.0
1612,1640,2017-06-10,1722,1640,1,-77.0,854.0
1613,1642,2017-06-11,1723,1642,1,-76.0,854.0
1614,1643,2017-06-12,1724,1643,1,-77.0,856.0
1615,1644,2017-06-13,1725,1644,1,-79.0,857.0
1616,1645,2017-06-14,1726,1645,1,-76.0,855.0
1617,1647,2017-06-15,1727,1647,1,-75.0,855.0
1618,1648,2017-06-16,1728,1648,1,-76.0,855.0
1619,1646,2017-06-17,1729,1646,1,-76.0,858.0
1620,1650,2017-06-18,1730,1650,1,-77.0,858.0
1621,1649,2017-06-19,1731,1649,1,-78.0,857.0
1622,1651,2017-06-20,1732,1651,1,-78.0,858.0
1623,1652,2017-06-21,1733,1652,1,-77.0,859.0
1624,1655,2017-06-22,1734,1655,1,-78.0,859.0
1625,1653,2017-06-23,1735,1653,1,-78.0,861.0
1626,1654,2017-06-24,1736,1654,1,-77.0,860.0
1627,1656,2017-06-25,1737,1656,1,-78.0,861.0
1628,1657,2017-06-26,1738,1657,1,-78.0,861.0
1629,1658,2017-06-27,1739,1658,1,-77.0,861.0
1630,1662,2017-06-28,1740,1662,1,-78.0,861.0
1631,1659,2017-06-29,1741,1659,1,-78.0,863.0
1632,1661,2017-06-30,1742,1661,1,-77.0,865.0
1633,1660,2017-07-02,1743,1660,1,-78.0,863.0
1634,1663,2017-07-03,1744,1663,1,-78.0,863.0
1635,1664,2017-07-04,1745,1664,1,-78.0,865.0
1636,1665,2017-07-05,1746,1665,1,-76.0,866.0
1637,1666,2017-07-06,1747,1666,1,-79.0,866.0
1638,1668,2017-07-07,1748,1668,1,-79.0,867.0
1639,1667,2017-07-08,1749,1667,2,-76.0,867.0
1640,1669,2017-07-09,1750,1669,2,-77.0,867.0
1641,1670,2017-07-10,1751,1670,2,-78.0,867.0
1642,1671,2017-07-11,1752,1671,2,-80.0,867.0
1643,1672,2017-07-12,1753,1672,2,-76.0,868.0
1644,1673,2017-07-13,1754,1673,2,-78.0,870.0
1645,1674,2017-07-14,1755,1674,2,-77.0,870.0
1646,1675,2017-07-15,1756,1675,2,-78.0,871.0
1647,1676,2017-07-16,1757,1676,2,-78.0,871.0
1648,1677,2017-07-17,1758,1677,2,-78.0,871.0
1649,1678,2017-07-18,1759,1678,2,-77.0,871.0
1650,1679,2017-07-19,1760,1679,2,-78.0,872.0
1651,1684,2017-07-20,1761,1684,2,-77.0,872.0
1652,1687,2017-07-21,1762,1687,2,-77.0,872.0
1653,1680,2017-07-22,1763,1680,2,-78.0,873.0
1654,1682,2017-07-23,1764,1682,2,-79.0,872.0
1655,1690,2017-07-24,1765,1690,2,-77.0,873.0
1656,1688,2017-07-25,1766,1688,2,-79.0,873.0
1657,1691,2017-07-26,1767,1691,2,-77.0,874.0
1658,1683,2017-07-27,1768,1683,2,-78.0,875.0
1659,1689,2017-07-28,1769,1689,2,-76.0,875.0
1660,1686,2017-07-29,1770,1686,2,-79.0,875.0
1661,1692,2017-07-30,1771,1692,2,-79.0,876.0
1662,1681,2017-07-31,1772,1681,2,-78.0,876.0
1663,1685,2017-08-01,1773,1685,2,-78.0,876.0
1664,1693,2017-08-02,1774,1693,2,-79.0,877.0
1665,1694,2017-08-03,1775,1694,2,-80.0,877.0
1666,1696,2017-08-04,1776,1696,2,-79.0,877.0
1667,1695,2017-08-05,1777,1695,2,-79.0,877.0
1668,1697,2017-08-06,1778,1697,2,-81.0,877.0
1669,1698,2017-08-07,1779,1698,2,-78.0,878.0
1670,1699,2017-08-09,1780,1699,2,-77.0,879.0
1671,1700,2017-08-10,1781,1700,2,-78.0,879.0
1672,1701,2017-08-11,1782,1701,2,-78.0,878.0
1673,1703,2017-08-12,1783,1703,2,-79.0,879.0
1674,1702,2017-08-13,1784,1702,2,-80.0,883.0
1675,1704,2017-08-14,1785,1704,2,-77.0,881.0
1676,1705,2017-08-16,1787,1705,2,-79.0,881.0
1677,1706,2017-08-17,1788,1706,2,-79.0,881.0
1678,1708,2017-08-18,1789,1708,2,-79.0,881.0
1679,1707,2017-08-19,1790,1707,2,-81.0,882.0
1680,1709,2017-08-20,1791,1709,2,-79.0,882.0
1681,1710,2017-08-21,1792,1710,2,-80.0,883.0
1682,1711,2017-08-22,1793,1711,2,-80.0,883.0
1683,1712,2017-08-23,1794,1712,2,-80.0,883.0
1684,1714,2017-08-24,1795,1714,2,-81.0,882.0
1685,1715,2017-08-25,1796,1715,2,-80.0,883.0
1686,1713,2017-08-26,1797,1713,2,-79.0,884.0
1687,1716,2017-08-27,1798,1716,2,-79.0,883.0
1688,1717,2017-08-28,1799,1717,2,-78.0,883.0
1689,1718,2017-08-29,1800,1718,2,-80.0,883.0
1690,1719,2017-08-30,1801,1719,2,-80.0,882.0
1691,1722,2017-08-31,1802,1722,2,-79.0,882.0
1692,1723,2017-09-01,1803,1723,2,-78.0,882.0
1693,1720,2017-09-02,1804,1720,2,-78.0,883.0
1694,1721,2017-09-03,1805,1721,2,-78.0,883.0
1695,1724,2017-09-04,1806,1724,2,-80.0,884.0
1696,1725,2017-09-05,1807,1725,2,-78.0,884.0
1697,1726,2017-09-06,1808,1726,2,-79.0,884.0
1698,1728,2017-09-07,1809,1728,2,-80.0,884.0
1699,1729,2017-09-08,1810,1729,2,-78.0,883.0
1700,1727,2017-09-09,1811,1727,2,-79.0,882.0
1701,1730,2017-09-10,1812,1730,2,-79.0,882.0
1702,1731,2017-09-11,1813,1731,2,-80.0,881.0
1703,1732,2017-09-12,1814,1732,2,-80.0,881.0
1704,1733,2017-09-13,1815,1733,3,-81.0,881.0
1705,1734,2017-09-15,1816,1734,3,-82.0,882.0
1706,1735,2017-09-16,1817,1735,3,-80.0,882.0
1707,1736,2017-09-17,1818,1736,3,-81.0,881.0
1708,1737,2017-09-18,1819,1737,3,-82.0,880.0
1709,1738,2017-09-19,1820,1738,3,-79.0,881.0
1710,1740,2017-09-20,1821,1740,3,-81.0,882.0
1711,1739,2017-09-21,1822,1739,3,-78.0,881.0
1712,1743,2017-09-22,1823,1743,3,-80.0,879.0
1713,1742,2017-09-23,1824,1742,3,-80.0,879.0
1714,1741,2017-09-24,1825,1741,3,-80.0,878.0
1715,1744,2017-09-25,1826,1744,3,-80.0,878.0
1716,1745,2017-09-26,1827,1745,3,-80.0,879.0
1717,1746,2017-09-27,1828,1746,3,-80.0,878.0
1718,1749,2017-09-28,1829,1749,3,-78.0,877.0
1719,1748,2017-09-29,1830,1748,3,-80.0,877.0
1720,1747,2017-09-30,1831,1747,3,-80.0,876.0
1721,1750,2017-10-01,1832,1750,3,-84.0,875.0
1722,1751,2017-10-02,1833,1751,3,-81.0,875.0
1723,1752,2017-10-03,1834,1752,3,-80.0,875.0
1724,1753,2017-10-04,1835,1753,3,-80.0,873.0
1725,1755,2017-10-05,1836,1755,3,-81.0,873.0
1726,1756,2017-10-06,1837,1756,3,-81.0,872.0
1727,1754,2017-10-07,1838,1754,3,-79.0,872.0
1728,1757,2017-10-08,1839,1757,3,-80.0,872.0
1729,1758,2017-10-09,1840,1758,3,-77.0,871.0
1730,1759,2017-10-10,1841,1759,3,-77.0,870.0
1731,1761,2017-10-11,1842,1761,3,-79.0,869.0
1732,1760,2017-10-12,1843,1760,3,-80.0,869.0
1733,1762,2017-10-13,1844,1762,3,-81.0,869.0
1734,1763,2017-10-14,1845,1763,3,-80.0,868.0
1735,1765,2017-10-15,1846,1765,3,-80.0,868.0
1736,1764,2017-10-16,1847,1764,3,-80.0,866.0
1737,1766,2017-10-17,1848,1766,3,-80.0,865.0
1738,1770,2017-10-18,1849,1770,3,-80.0,864.0
1739,1768,2017-10-19,1850,1768,3,-80.0,864.0
1740,1767,2017-10-20,1851,1767,3,-87.0,864.0
1741,1769,2017-10-22,1852,1769,3,-80.0,863.0
1742,1771,2017-10-23,1853,1771,3,-80.0,862.0
1743,1772,2017-10-24,1854,1772,3,-80.0,861.0
1744,1773,2017-10-25,1855,1773,3,-78.0,861.0
1745,1774,2017-10-26,1856,1774,3,-80.0,859.0
1746,1776,2017-10-27,1857,1776,3,-80.0,858.0
1747,1775,2017-10-28,1858,1775,3,-81.0,857.0
1748,1779,2017-10-29,1859,1779,3,-79.0,857.0
1749,1778,2017-10-30,1860,1778,3,-80.0,857.0
1750,1780,2017-10-31,1861,1780,3,-79.0,855.0
1751,1777,2017-11-01,1862,1777,3,-81.0,854.0
1752,1781,2017-11-02,1863,1781,3,-80.0,853.0
1753,1782,2017-11-03,1864,1782,3,-82.0,852.0
1754,1783,2017-11-04,1865,1783,3,-80.0,852.0
1755,1785,2017-11-05,1866,1785,3,-80.0,850.0
1756,1784,2017-11-06,1867,1784,3,-78.0,848.0
1757,1786,2017-11-07,1868,1786,3,-80.0,848.0
1758,1787,2017-11-08,1869,1787,3,-81.0,846.0
1759,1788,2017-11-09,1870,1788,3,-81.0,845.0
1760,1789,2017-11-10,1871,1789,3,-80.0,844.0
1761,1791,2017-11-11,1872,1791,3,-79.0,843.0
1762,1790,2017-11-12,1873,1790,3,-79.0,842.0
1763,1792,2017-11-13,1874,1792,3,-80.0,840.0
1764,1793,2017-11-14,1875,1793,3,-79.0,839.0
1765,1794,2017-11-15,1876,1794,3,-79.0,838.0
1766,1797,2017-11-16,1877,1797,3,-79.0,837.0
1767,1795,2017-11-17,1878,1795,3,-79.0,835.0
1768,1796,2017-11-18,1879,1796,3,-79.0,834.0
1769,1798,2017-11-19,1880,1798,3,-79.0,833.0
1770,1803,2017-11-20,1881,1803,4,-79.0,832.0
1771,1801,2017-11-21,1882,1801,4,-78.0,831.0
1772,1800,2017-11-22,1883,1800,4,-78.0,830.0
1773,1799,2017-11-23,1884,1799,4,-79.0,829.0
1774,1804,2017-11-24,1885,1804,4,-79.0,827.0
1775,1805,2017-11-25,1886,1805,4,-79.0,826.0
1776,1802,2017-11-26,1887,1802,4,-79.0,824.0
1777,1807,2017-11-27,1888,1807,4,-79.0,823.0
1778,1806,2017-11-29,1889,1806,4,-80.0,822.0
1779,1808,2017-11-30,1890,1808,4,-79.0,821.0
1780,1810,2017-12-01,1891,1810,4,-80.0,819.0
1781,1809,2017-12-02,1892,1809,4,-81.0,817.0
1782,1812,2017-12-03,1893,1812,4,-79.0,816.0
1783,1811,2017-12-04,1894,1811,4,-79.0,815.0
1784,1814,2017-12-05,1895,1814,4,-78.0,814.0
1785,1813,2017-12-06,1896,1813,4,-79.0,812.0
1786,1817,2017-12-07,1897,1817,4,-80.0,811.0
1787,1816,2017-12-08,1898,1816,4,-81.0,810.0
1788,1815,2017-12-09,1899,1815,4,-81.0,808.0
1789,1818,2017-12-10,1900,1818,4,-81.0,807.0
1790,1819,2017-12-11,1901,1819,4,-81.0,806.0
1791,1820,2017-12-12,1902,1820,4,-79.0,804.0
1792,1821,2017-12-13,1903,1821,4,-78.0,803.0
1793,1822,2017-12-14,1904,1822,4,-79.0,801.0
1794,1823,2017-12-15,1905,1823,4,-80.0,800.0
1795,1824,2017-12-16,1906,1824,4,-79.0,799.0
1796,1825,2017-12-17,1907,1825,4,-79.0,798.0
1797,1826,2017-12-18,1908,1826,4,-79.0,796.0
1798,1827,2017-12-19,1909,1827,4,-80.0,795.0
1799,1828,2017-12-20,1910,1828,4,-80.0,794.0
1800,1833,2017-12-21,1911,1833,4,-79.0,792.0
1801,1832,2017-12-22,1912,1832,4,-80.0,791.0
1802,1830,2017-12-23,1913,1830,4,-79.0,791.0
1803,1834,2017-12-24,1914,1834,4,-78.0,790.0
1804,1835,2017-12-25,1915,1835,4,-78.0,788.0
1805,1829,2017-12-26,1916,1829,4,-79.0,787.0
1806,1831,2017-12-27,1917,1831,4,-80.0,786.0
1807,1839,2017-12-28,1918,1839,4,-77.0,784.0
1808,1836,2017-12-29,1919,1836,4,-77.0,783.0
1809,1837,2017-12-30,1920,1837,4,-77.0,782.0
1810,1838,2017-12-31,1921,1838,4,-78.0,781.0
1811,1840,2018-01-01,1922,1840,4,-79.0,780.0
1812,1842,2018-01-02,1923,1842,4,-77.0,778.0
1813,1841,2018-01-03,1924,1841,4,-78.0,777.0
1814,1844,2018-01-05,1925,1844,4,-79.0,777.0
1815,1843,2018-01-06,1926,1843,4,-80.0,775.0
1816,1845,2018-01-07,1927,1845,4,-79.0,774.0
1817,1847,2018-01-08,1928,1847,4,-78.0,773.0
1818,1846,2018-01-09,1929,1846,4,-79.0,771.0
1819,1848,2018-01-10,1930,1848,4,-79.0,770.0
1820,1849,2018-01-11,1931,1849,4,-79.0,770.0
1821,1850,2018-01-12,1932,1850,4,-79.0,768.0
1822,1852,2018-01-13,1933,1852,4,-78.0,767.0
1823,1851,2018-01-14,1934,1851,4,-79.0,766.0
1824,1853,2018-01-15,1935,1853,4,-80.0,765.0
1825,1855,2018-01-16,1936,1855,4,-79.0,764.0
1826,1854,2018-01-17,1937,1854,4,-80.0,763.0
1827,1859,2018-01-18,1938,1859,4,-78.0,762.0
1828,1857,2018-01-19,1939,1857,4,-78.0,760.0
1829,1858,2018-01-20,1940,1858,4,-77.0,759.0
1830,1856,2018-01-21,1941,1856,4,-77.0,758.0
1831,1860,2018-01-22,1942,1860,4,-78.0,757.0
1832,1863,2018-01-23,1943,1863,4,-78.0,756.0
1833,1861,2018-01-24,1944,1861,4,-80.0,755.0
1834,1862,2018-01-25,1945,1862,4,-78.0,754.0
1835,1864,2018-01-26,1946,1864,5,-79.0,753.0
1836,1865,2018-01-27,1947,1865,5,-78.0,751.0
1837,1866,2018-01-28,1948,1866,5,-78.0,752.0
1838,1867,2018-01-29,1949,1867,5,-78.0,751.0
1839,1868,2018-01-30,1950,1868,5,-79.0,750.0
1840,1869,2018-01-31,1951,1869,5,-77.0,749.0
1841,1871,2018-02-01,1952,1871,5,-80.0,748.0
1842,1870,2018-02-02,1953,1870,5,-78.0,747.0
1843,1872,2018-02-03,1954,1872,5,-77.0,745.0
1844,1873,2018-02-04,1955,1873,5,-77.0,745.0
1845,1879,2018-02-05,1956,1879,5,-79.0,744.0
1846,1875,2018-02-06,1957,1875,5,-77.0,742.0
1847,1874,2018-02-07,1958,1874,5,-77.0,741.0
1848,1878,2018-02-08,1959,1878,5,-78.0,740.0
1849,1876,2018-02-09,1960,1876,5,-78.0,740.0
1850,1877,2018-02-11,1961,1877,5,-77.0,740.0
1851,1880,2018-02-12,1962,1880,5,-78.0,738.0
1852,1881,2018-02-13,1963,1881,5,-77.0,737.0
1853,1882,2018-02-14,1964,1882,5,-76.0,736.0
1854,1883,2018-02-15,1965,1883,5,-76.0,735.0
1855,1884,2018-02-16,1966,1884,5,-77.0,735.0
1856,1885,2018-02-17,1967,1885,5,-76.0,734.0
1857,1886,2018-02-18,1968,1886,5,-76.0,732.0
1858,1887,2018-02-19,1969,1887,5,-76.0,732.0
1859,1888,2018-02-20,1970,1888,5,-77.0,731.0
1860,1890,2018-02-21,1971,1890,5,-78.0,731.0
1861,1891,2018-02-22,1972,1891,5,-78.0,730.0
1862,1889,2018-02-23,1973,1889,5,-78.0,730.0
1863,1892,2018-02-24,1974,1892,5,-77.0,729.0
1864,1894,2018-02-25,1975,1894,5,-76.0,729.0
1865,1893,2018-02-26,1976,1893,5,-77.0,728.0
1866,1895,2018-02-27,1977,1895,5,-77.0,727.0
